0,0,0.245098,0,0.25,0,0,0,0,0,0,0,0.1117117,0,0,0,0,0,0.03306667,0,0,0,0,0,0,0,0,0,0,0,0,0,0,0,0,0,0,0,0,0,0.08683474,0,0,0.0625,0.02894491,0.02811792,0,0,0,0.01138228,0,0,0,0,0.0002587381,0.0003003604,0.001641414,1
0,0,0,0,0.054,0,0,0,0,0,0.2068966,0.1127198,0,0,0,0,0,0,0.2037333,0,0,0,0,0,0.1046567,0.1308523,0,0.05940594,0,0.1853742,0,0,0,0,0.027,0,0,0,0,0,0,0,0.1512605,0,0.02521008,0,0,0,0,0.008921247,0,0,0,0,0.002299591,0.003303965,0.009974748,1
0,0,0,0,0,0,0,0,0,0,0,0,0,0,0,0,0,0,0,0,0,0,0,0,0,0,0,0,0,0,0,0,0,0,0,0.1469441,0,0,0,0,0,0,0,0,0,0.05124717,0,0,0,0.01394586,0,0,0,0.02062635,0.0007598729,0.001101322,0.004229798,1
0,0,0,0,0,0,0,0,0,0,0,0,0,0,0,0,0,0,0.1477333,0,0,0,0,0,0,0,0,0,0,0,0,0,0,0,0,0,0,0,0,0,0,0,0,0.1385,0.1293184,0,0,0,0,0,0,0,0,0,0,0,0.0004419192,1
0,0,0,0,0,0,0,0,0,0,0,0,0,0,0,0,0,0,0,0,0,0,0,0,0,0,0,0,0,0,0,0,0,0,0,0,0,0,0.1692169,0,0,0,0.5266107,0,0,0,0,0,0,0.06634536,0,0,0,0,0.001634135,0.001702042,0.002588384,1
0,0,0.04509804,0,0,0.03911564,0,0,0,0,0,0,0,0,0,0,0,0,0.01226667,0,0,0,0,0,0,0,0,0,0,0,0,0,0,0,0,0,0,0,0,0,0.03221289,0,0,0,0.01073763,0.06349207,0,0,0,0.006562757,0,0.004957201,0,0,5.901049E-05,0.0006007209,0.00915404,1
0,0,0,0,0,0,0,0,0,0,0,0,0,0,0,0,0,0,0.1024,0,0.1728173,0,0,0,0,0,0,0,0,0,0,0,0,0,0,0,0.2786647,0,0,0,0,0,0,0,0,0.2612245,0,0,0,0.03445447,0,0,0,0,0.001227417,0.001401682,0.002462121,1
0.05506608,0,0.1,0,0,0.04251701,0,0,0,0.00660066,0,0,0.04504504,0,0,0.0125,0.03501401,0.04180418,0.09493333,0,0.04590459,0,0,0,0,0,0,0,0,0,0,0,0,0,0,0,0,0,0,0,0,0,0,0,0.01774043,0.1968254,0,0,0.004332953,0.001948318,0,0,0.006330168,0,0.0005828415,0.001601922,0.01300505,1
0,0,0.01960784,0,0.02,0.0170068,0,0,0,0,0,0.2109617,0.03603604,0.01,0,0,0.1134454,0,0,0,0,0,0.03669725,0,0.1320211,0,0,0,0,0,0,0,0,0,0,0.03901171,0.04354137,0,0,0,0,0,0,0,0,0,0,0,0.006841504,0.009331419,0,0,0,0,0.001054017,0.002603124,0.03623737,1
0,0.07563026,0,0,0,0,0,0,0,0,0,0.1116856,0,0,0,0,0,0,0,0,0,0,0,0,0,0,0,0,0,0,0,0,0,0,0,0,0,0,0,0,0,0,0,0,0,0,0,0,0,0.0185603,0,0,0,0,0.000555606,0.001001201,0.003093434,1
0,0,0,0,0,0,0,0,0,0,0,0,0,0,0,0,0,0,0.02826666,0,0,0,0,0,0,0,0,0,0,0,0,0,0,0,0,0,0.1538461,0,0,0,0,0,0,0,0.04948646,0.1201814,0,0,0,0.03301887,0,0,0,0.006505623,0.001452565,0.001702042,0.01142677,1
0,0.02240896,0.1882353,0,0,0,0,0,0,0.03520352,0,0.1323681,0,0,0,0,0,0,0.1877333,0,0.1440144,0,0,0,0.04608737,0.09603842,0,0,0,0.1088435,0,0,0,0,0,0,0.04644412,0,0,0,0,0,0,0,0,0,0,0,0,0.006562757,0,0.003941129,0,0,0.000592828,0.0004004806,0.005366161,1
0,0,0,0,0,0,0,0.2808281,0,0,0,0,0,0,0,0,0,0,0,0,0,0,0,0,0,0,0,0,0,0,0,0,0,0,0,0,0,0,0,0,0,0,0,0,0.04855275,0,0,0,0,0.02030353,0,0.006096434,0.03298351,0,0.002593736,0.002402883,0.005050505,0
0,0,0,0,0,0,0,0,0,0,0,0,0,0,0,0,0,0,0,0,0,0,0,0,0,0,0,0,0,0,0,0,0,0,0.004,0,0,0,0,0,0,0,0,0,0.003734827,0,0,0,0,0.232055,0,0,0,0,0.001950976,0.0008009612,0.08263889,1
0,0,0,0,0.322,0,0,0,0,0,0,0.3329886,0,0,0,0,0,0,0,0,0,0,0,0,0,0,0.09660966,0,0,0,0,0,0,0,0,0,0,0,0,0,0,0.2254902,0,0,0.3011204,0,0,0,0,0.05250205,0,0,0,0,0.001270994,0.001001201,0.00145202,1
0.3281938,0,0,0,0,0,0,0,0,0,0,0.1540848,0,0,0,0,0,0,0.2384,0,0.1341134,0,0,0,0,0.08943578,0,0,0,0,0,0,0,0,0,0,0,0,0,0,0,0,0,0.0745,0,0,0,0,0,0,0,0,0,0,0.0008470268,0.000700841,0.001767677,1
0.01762114,0,0.03333334,0,0,0.01360544,0,0,0.01520912,0,0,0,0.01441441,0,0,0,0,0.00880088,0.2234667,0,0.1251125,0,0,0,0,0,0,0,0,0,0,0,0,0,0,0,0,0,0,0,0,0,0,0,0.01213819,0,0,0,0.007069555,0.007998359,0,0.002401626,0,0,0.0001034952,0.0008009612,0.01710859,1
0,0.02521009,0,0,0.036,0,0,0,0,0.01980198,0,0.03722854,0,0,0,0,0,0,0.0576,0,0,0.4222222,0,0,0,0,0,0,0,0,0,0,0,0,0,0,0,0,0,0,0,0,0,0,0,0,0,0,0.9058152,0,0,0.001939775,0,0.02541732,0.004923286,0.004205046,0.02102273,1
0,0,0,0,0,0,0,0,0,0.0440044,0,0,0,0,0,0.0805,0,0,0.04266667,0,0.0720072,0,0,0,0.03840614,0,0,0,0,0,0.064,0,0.0440044,0,0,0,0,0,0,0,0,0,0,0,0,0,0,0,0,0.009126334,0,0,0,0,0.001275533,0.002703244,0.005555556,1
0,0,0,0,0.032,0,0,0,0,0,0,0.03309204,0,0,0,0,0,0.03520352,0.03413333,0,0.02880288,0,0,0,0.06144983,0.07683073,0.01920192,0.03520352,0.02240896,0.05442177,0.0256,0.06722689,0.03520352,0.06722689,0.016,0.04161248,0.1393324,0,0.02880288,0.06722689,0,0,0.1792717,0.016,0.01493931,0.02902494,0,0,0,0.009639048,0.01151679,0.002894267,0,0,0.0008343169,0.001201442,0.0104798,1
0,0,0,0,0.092,0,0,0,0,0,0,0.09513961,0,0,0,0,0,0,0.04906667,0,0.08280829,0,0,0,0,0,0,0,0,0,0,0,0,0,0,0,0,0,0,0,0,0,0,0,0,0,0,0,0,0,0,0,0,0,0.0004539265,0.0006007209,0.002020202,1
0.3590308,0,0.3196079,0,0,0,0,0,0.3098859,0,0,0,0,0,0,0.0815,0,0,0.1744,0,0.2943294,0,0,0,0,0,0,0,0,0,0,0,0,0,0,0,0,0,0,0,0,0,0,0,0,0,0,0,0,0,0,0.02336967,0.04214559,0,0.000907853,0.001501802,0.002209596,0
0,0,0,0,0,0,0,0,0,0,0,0.1044467,0,0,0,0.0505,0,0,0.1077333,0,0,0,0,0,0,0,0,0,0,0,0,0,0,0,0,0,0,0,0,0,0,0,0,0,0,0,0,0,0,0,0,0.01006835,0,0,0.0002387653,0.0005006007,0.00145202,1
0,0,0,0,0,0,0,0.160216,0,0,0,0,0,0.178,0,0,0,0,0,0,0,0,0,0,0,0,0,0,0,0,0,0,0,0,0,0,0,0,0,0,0,0,1,0,0,0,0,0,0,0,0,0,0,0,0.0004030867,0.0004004806,0.0007575757,1
0,0,0,0,0,0,0,0,0,0,0,0,0,0,0,0,0,0,0,0,0,0,0,0,0,0,0.60006,0,0,0,0,0,0,0,0,0,0,0,0,0,0,0,0,0,0,0,0,0,0,0,0,0,0,0,0,0,0.0002525253,1
0.07268723,0,0,0,0,0,0,0,0.06273764,0,0,0,0,0,0,0,0,0,0.0176,0,0,0,0,0,0,0,0,0,0,0,0,0,0.1815182,0,0,0,0,0,0,0,0,0,0,0,0,0,0,0,0,0.0459393,0,0.001724244,0,0,0.0007153881,0.0005006007,0.005808081,1
0,0.03431373,0,0,0,0,0,0,0,0,0,0.05067218,0,0,0,0,0,0,0.1568,0,0.1323132,0,0,0,0,0,0,0,0,0,0,0,0,0,0,0,0,0,0,0,0,0,0,0,0,0,0,0,0,0.02471288,0,0,0,0.004034495,0.0006990467,0.002002403,0.00530303,1
0,0,0,0,0,0,0,0,0,0,0,0,0,0,0,0,0,0,0.1402667,0,0.2367237,0,0,0,0,0,0,0,0,0,0,0,0,0,0,0,0,0,0,0,0,0,0,0,0,0,0,0,0,0.05363002,0,0,0,0,0.0005447118,0.0003003604,0.0009469697,1
0,0,0,0,0.024,0,0,0,0,0,0,0.02481903,0,0,0,0,0,0,0,0,0,0,0,0,0,0,0,0,0,0,0,0,0.1485149,0,0,0.03120936,0,0,0,0,0,0,0,0,0,0.01088435,0,0.024,0,0.0199959,0,0,0,0,0.001082161,0.003404085,0.01502525,1
0,0,0,0,0,0,0,0,0,0,0,0,0,0,0,0,0,0,0.1194667,0,0,0,0,0,0,0,0,0,0,0,0,0,0,0,0,0,0.1291727,0,0.03960396,0,0,0,0,0,0.06255836,0.1219955,0,0,0,0,0,0,0,0,0.001236496,0.001401682,0.008585858,1
0,0,0,0,0,0,0,0,0,0,0,0,0,0,0,0,0,0,0,0,0,0,0,0,0,0,0,0,0,0,0,0,0,0,0,0,0,0,0,0,0,0,0,0.116,0.10831,0,0,0,0,0.04194012,0,0,0,0,0,0,0.0005681818,1
0,0,0,0,0,0,0,0.06390639,0,0,0,0.07342295,0,0,0,0.0715,0,0,0.2298667,0,0.1287129,0,0,0.0568,0,0,0,0,0,0,0,0,0,0,0,0,0,0,0,0,0,0,0,0,0.1003735,0,0,0,0,0.02717391,0,0.004064289,0,0,0.001200182,0.001501802,0.004482323,0
0,0,0,0,0,0,0,0,0,0,0,0,0,0.555,0,0,0,0,0,0,0,0,0,0,0,0,0,0,0,0,0,0,0,0,0,0,0,0,0,0,0,0,0,0,0,0,0,0,0,0,0,0,0,0,0.002621879,0.001201442,0.002146465,1
0,0.04831933,0.06666667,0,0.034,0,0,0,0,0,0,0.0713547,0,0,0,0.017,0,0.1529153,0.1114667,0,0.09360936,0,0,0,0,0,0,0,0,0,0,0,0,0,0,0,0,0,0,0,0,0,0,0,0,0,0,0,0,0.005742412,0,0.024201,0,0,0.002476623,0.006007208,0.01641414,0
0,0.007002801,0,0,0.01,0.03571428,0,0.0090009,0,0,0,0.123061,0,0,0,0,0,0,0.005333333,0,0,0,0,0,0.04176668,0,0,0,0,0.0170068,0,0,0.00550055,0,0,0.05591678,0,0,0,0,0,0,0,0.005,0,0,0,0,0,0.004819524,0,0,0.005164085,0,0.0007199274,0.001101322,0.02462121,1
0,0,0,0,0,0,0,0.07740775,0,0,0,0.2668045,0,0,0,0,0.1204482,0,0.1376,0,0,0,0,0,0.08257321,0,0,0,0,0.1462585,0,0,0,0,0,0.1118336,0,0,0,0,0,0,0,0,0,0,0,0,0,0,0,0.0043414,0,0,0.0004857013,0.000700841,0.002651515,1
0,0,0,0,0,0,0,0,0,0,0,0,0.1963964,0,0,0,0,0,0.1168,0,0,0,0,0,0,0,0,0,0,0,0,0,0,0,0,0,0,0,0,0,0,0,0,0,0,0.04943311,0,0,0,0,0,0,0,0,0.002091693,0.004605527,0.004734849,1
0,0,0,0,0,0,0,0,0,0.07590759,0,0,0,0,0,0,0,0,0.2218667,0,0,0,0,0,0,0,0,0,0,0,0,0,0,0,0,0,0,0,0,0,0,0,0,0,0,0.06258503,0,0,0,0,0,0,0,0,0.0004539265,0.0003003604,0.00145202,1
0,0,0,0,0,0,0,0,0,0,0,0,0,0,0,0.0625,0,0.1375137,0.1333333,0,0.1125113,0,0,0,0,0,0,0,0,0,0,0,0,0,0,0,0,0,0,0,0,0,0,0,0,0,0,0,0,0,0,0,0,0,0.002883341,0.005406488,0.004419192,1
0,0,0,0,0,0,0,0,0,0,0,0.4301965,0,0,0,0,0,0,0,0,0,0,0,0,0,0,0,0,0,0,0,0,0,0,0,0,0,0,0,0,0,0,0,0,0.194211,0.1886621,0,0,0,0,0,0,0,0,0,0,0.0005050505,1
0,0,0,0,0,0,0,0,0,0,0,0,0,0,0,0,0,0.2068207,0.1002667,0,0.1692169,0,0,0,0,0,0.05640564,0,0,0,0,0,0.2073707,0,0,0,0,0,0,0,0,0,0,0,0,0,0,0,0,0.03753076,0,0,0,0,0.0002787109,0.0002002403,0.001010101,1
0,0,0,0,0,0,0,0,0,0.02475247,0,0,0,0,0,0,0,0,0,0,0,0,0,0,0,0,0.01350135,0,0,0,0,0,0,0,0,0,0,0,0,0,0,0,0,0,0,0,0,0,0,0.02225185,0.07106102,0,0,0,0.003142079,0.002703244,0.01824495,1
0,0,0.08039216,0,0.041,0,0,0,0,0,0,0,0,0,0,0,0,0,0,0,0,0,0,0,0,0,0,0,0,0,0,0,0.02255226,0,0,0,0.05950653,0,0,0,0,0,0,0.0205,0,0.0185941,0,0,0,0,0,0,0,0,0.0004738992,0.001001201,0.004166667,1
0,0,0,0,0,0,0,0,0,0,0,0.114788,0,0,0,0,0,0,0,0,0,0,0,0,0.2131541,0.09963986,0,0.1221122,0,0,0,0,0,0,0.0555,0,0.07982584,0,0,0,0,0,0,0.0275,0,0,0,0,0,0,0,0,0,0,0.0009241942,0.001101322,0.006691919,1
0.006607929,0,0.005882353,0.003036673,0.006,0.005102041,0,0,0.0608365,0,0,0.009307136,0,0,0,0,0,0.00330033,0.006933333,0,0.00810081,0,0,0,0.06721076,0.08643458,0.0009000899,0,0,0,0,0,0.004950495,0,0,0.00390117,0.1843251,0.00360144,0,0,0,0,0,0.003,0,0,0,0,0.05153934,0.02409762,0.04435188,0,0.00149925,0,0.001592374,0.003303965,0.1696338,1
0,0,0,0,0,0,0,0,0,0,0,0,0,0,0,0,0,0,0,0,0,0,0,0,0,0,0.60006,0,0,0,0,0,0,0,0,0,0,0,0,0,0,0,0,0,0,0,0,0,0,0,0,0,0,0,0,0,0.0002525253,1
0,0,0.06862745,0,0.035,0.1207483,0,0,0,0,0,0.07342295,0,0,0,0,0,0,0.03786667,0,0.03150315,0,0,0,0,0,0,0,0,0,0,0,0.01925192,0,0,0,0.05079826,0,0.03150315,0,0,0,0.09803922,0,0.01633987,0,0,0,0,0.01271534,0,0.01145391,0,0,0.0005819338,0.001101322,0.006881313,1
0,0,0,0,0.5,0,0,0,0,0,0,0,0,0,0,0,0,0,0,0,0,0,0,0,0,0,0,0,0,0,0,0,0,0,0,0,0,0,0,0,0,0,0,0,0,0,0,0,0,0,0,0,0,0,0.002269632,0.0008009612,0.001262626,1
0,0,0,0,0,0,0,0,0,0,0,0,0,0,0,0,0,0,0.5925333,0,0,0,0,0,0,0,0,0,0,0,0,0,0,0,0,0,0,0,0,0,0,0,0,0,0,0,0,0,0,0,0,0,0,0,0.0002269632,0.0001001201,0.0002525253,1
0,0,0,0,0,0,0,0,0,0,0,0.1871768,0,0,0,0,0,0,0,0,0.1629163,0,0,0,0,0,0,0,0,0,0,0,0,0,0,0,0,0,0,0,0,0,0,0,0,0,0,0,0,0,0,0.009514132,0,0,0.000302315,0.001001201,0.003472222,0
0,0,0,0,0,0,0,0,0,0,0,0,0,0,0,0,0,0,0,0,0,0,0,0,0,0,0,0,0,0,0,0,0.4020902,0,0,0,0,0,0.8775878,0,0,0,0,0,0,0,0,0,0,0,0,0,0,0,0.001702224,0.001101322,0.002840909,1
0,0,0,0,0,0,0,0,0,0,0,0,0,0,0,0,0,0,0,0,0,0,0,0,0,0,0.60006,0,0,0,0,0,0,0,0,0,0,0,0,0,0,0,0,0,0,0,0,0,0,0,0,0,0,0,0,0,0.0002525253,1
0,0,0.1156863,0,0,0,0,0.05310531,0,0,0,0.3092037,0,0,0,0,0,0,0.06346667,0,0,0,0,0,0.05712914,0.03541416,0,0,0,0,0.0472,0,0,0,0,0,0,0,0,0,0,0,0,0,0,0,0,0,0,0.04009434,0,0,0,0,0.000758965,0.0006007209,0.005618687,1
0,0,0.07058824,0,0.012,0.04081633,0,0,0,0.01320132,0,0,0.04324324,0,0,0,0,0,0.08426667,0,0.01080108,0,0,0,0,0,0,0,0,0,0,0,0,0,0,0,0,0,0,0,0,0,0.03361345,0,0.005602241,0.01088435,0,0,0,0.006870386,0.005390836,0,0,0,0.0003931003,0.001101322,0.004734849,1
0,0,0,0,0,0,0,0,0,0,0,0,0,0,0,0,0,0,0.1717333,0,0,0,0,0,0,0,0,0,0,0,0,0,0,0,0,0,0,0,0,0,0,0,0,0.161,0,0,0,0,0,0,0,0.01681138,0,0,0.0006808897,0.0006007209,0.0008207071,1
0,0,0,0,0,0,0,0,0,0,0,0,0,0,0,0,0,0,0,0,0,0,0,0,0,0,0,0,0,0,0,0,0,0,0,0,0,0,0,0,0,0,0,0,0.2591037,0,0,0,0,0,0,0,0,0,0.000648207,0.0005006007,0.0006944445,1
0,0,0,0,0,0,0,0,0,0,0,0,0,0,0,0,0,0,0.1109333,0,0,0,0,0,0,0,0,0,0,0,0,0,0,0,0,0,0,0,0,0,0,0,0,0,0,0,0,0,0,0,0,0,0,0,0.000388561,0.0003003604,0.0005681818,1
0,0,0,0,0,0,0,0,0,0,0,0,0.2900901,0,0,0,0,0,0,0,0,0,0,0,0,0,0,0,0,0,0,0,0,0,0,0,0,0,0,0,0,0,0,0,0,0,0,0,0,0,0,0,0,0,0.0003486155,0.0003003604,0.001073232,1
0.0154185,0.00210084,0.03529412,0,0.01,0.005102041,0,0,0.07604562,0,0,0.01034126,0,0,0,0,0,0.00330033,0.007466667,0,0.0090009,0,0,0,0.02256361,0.03001201,0.0009000899,0,0,0,0,0,0.04180418,0,0,0,0.04644412,0,0,0,0.009803922,0,0,0,0,0,0,0,0.04287343,0.01517637,0.00857633,0,0.001665834,0,0.002027236,0.006507809,0.0875,1
0,0,0,0,0,0,0,0,0,0,0,0,0,0,0,0,0,0,0,0,0,0,0,0,0,0,0,0,0,0,0,0,0,0,0,0,0,0,0,0,0,0.3886555,0,0,0,0,0,0,0,0,0,0,0,0,0.0003404449,0.0003003604,0.0006313131,1
0,0,0.09215686,0,0.095,0.07993197,0,0,0,0,0,0.04860393,0,0,0,0,0,0,0.05066667,0,0,0,0,0,0,0.02821128,0.01410141,0,0,0,0,0,0,0,0,0,0,0.1140456,0,0,0,0.03291317,0,0,0,0,0,0,0,0.007485644,0,0,0,0,0.0008025419,0.000700841,0.006123737,1
0,0,0,0,0,0,0,0,0,0,0,0,0,0,0,0,0,0,0,0,0,0,0,0,0,0,0,0,0,0,0,0,0,0,0,0,0,0,0,0,1,0,0,0,0,0.3238095,0,0,0,0,0,0,0,0,0.004085338,0.0009010813,0.0006313131,1
0.09471366,0.01820728,0.08431373,0,0.07799999,0.04421768,0,0.01530153,0.06463878,0.2249725,0.03065134,0.1261634,0.07747748,0,0.1768707,0.0565,0.03641456,0.210121,0.1253333,0,0.2115211,0,0.0146789,0.0344,0,0,0,0,0,0,0,0,0,0,0,0.01040312,0,0,0,0.01680672,0,0,0,0,0,0,0,0,0.01277081,0.02471288,0.0102916,0.02183016,0.00932867,0,0.003013164,0.01251502,0.07083333,0
0,0.005602241,0.01568627,0,0,0.01360544,0,0.01440144,0,0,0,0.08376422,0.02882883,0,0,0,0.01120448,0,0,0,0,0,0.0146789,0,0.1675468,0.02881152,0,0,0.02240896,0.04081633,0,0,0,0,0,0.04161248,0.01161103,0,0,0,0,0.005602241,0,0,0,0,0,0.007999999,0.005017104,0.01138228,0,0,0.009162086,0,0.001039492,0.002002403,0.04368687,1
0,0,0,0,0,0.07142857,0,0,0,0,0,0.08686659,0,0,0,0,0,0,0.112,0,0,0.3947368,0,0,0,0,0,0,0,0,0,0,0,0,0,0,0,0,0.03780378,0,0,0,0,0,0,0,0,0,0.9402508,0,0,0.002247675,0,0.02224015,0.004708125,0.004205046,0.0167298,1
0,0,0,0,0,0,0,0,0,0,0,0,0,0,0,0,0,0,0.1616,0,0,0,0,0,0,0,0.09090909,0,0,0,0,0,0,0,0,0,0,0,0,0,0,0,0,0,0.1414566,0,0,0,0,0,0,0,0,0,0.000246936,0.0003003604,0.0008207071,1
0,0,0,0,0,0,0,0,0,0,0,0,0,0,0,0,0,0,0.1296,0,0,0,0,0,0.2337974,0.2923169,0,0.2673267,0,0,0,0,0,0,0.1215,0.1573472,0,0,0,0,0,0,0,0,0,0,0,0,0.04150513,0.03742822,0,0,0,0,0.001134816,0.0009010813,0.003914142,1
0,0,0.1529412,0,0,0,0,0,0,0,0,0,0.1405405,0,0,0,0,0,0,0,0.07020702,0,0,0,0,0,0.02340234,0,0,0,0,0,0,0,0,0,0,0,0,0,0,0,0,0,0.03641456,0,0,0,0,0.04111977,0,0.00409508,0,0,0.000512937,0.0003003604,0.002209596,1
0,0,0,0,0,0,0,0,0,0,0,0,0,0,0,0,0,0,0,0,0,0,0,0,0.2909265,0.1818728,0.09090909,0.3333333,0.2121849,0.5153061,0.2424,0.6365546,0,0.6365546,0.1515,0.3940182,0,0,0,0.6365546,0,0,0,0,0,0,0,0,0,0.09228876,0,0,0,0,0.001588743,0.001001201,0.002020202,1
0,0,0.01176471,0,0,0,0,0.00540054,0.02471483,0.007150715,0.04980843,0.1726991,0.04684684,0.033,0,0.0065,0.01820728,0,0,0.00330033,0.00540054,0,0,0,0.1219395,0.007803121,0,0,0.0140056,0.04421768,0.0104,0,0,0,0.003,0.0260078,0.01886792,0.007202881,0,0.01260504,0,0,0,0,0,0,0,0,0.006385405,0.01343314,0,0,0,0,0.0009051294,0.001902283,0.04962121,1
0,0,0,0,0,0,0,0,0,0,0,0.2068252,0,0,0,0,0,0,0.05333333,0,0.090009,0,0,0,0,0,0,0,0,0,0,0,0,0,0,0,0,0,0,0,0,0,0,0,0,0,0,0,0,0.03537736,0,0,0,0,0.00060463,0.0005006007,0.003409091,1
0.04845815,0,0.01372549,0,0.007,0.01190476,0,0.01260126,0,0.01980198,0,0.05274043,0.07927927,0.007,0,0,0.04061625,0.00770077,0.003733333,0,0.006300631,0,0,0,0.09553529,0,0,0,0.02030812,0.04931973,0,0,0,0,0,0.01820546,0.01015965,0.008403362,0,0,0,0,0,0,0,0,0,0,0.009350057,0.003178835,0,0.0009544923,0,0,0.0008279618,0.002102523,0.03579545,1
0,0,0,0,0,0,0,0,0,0,0,0,0,0,0,0,0,0,0,0,0,0,0,0,0.7383581,0.4615846,0,0,0,0,0,0,0,0,0,0,0,0,0,0,0,0,0,0,0,0,0,0,0,0,0,0,0,0,0.005265547,0.001601922,0.002083333,1
0,0,0,0,0.185,0,0,0,0,0,0,0,0,0,0,0,0,0,0.09866667,0,0,0,0,0,0.08881421,0.2220888,0,0.4070407,0,0,0,0,0,0,0.185,0,0,0,0,0,0,0,0,0,0,0,0,0,0,0.05578343,0.4003921,0,0,0,0.001227417,0.001001201,0.002462121,1
0,0,0.2352941,0,0,0,0,0,0,0,0,0.1240951,0,0,0,0,0,0,0.3210667,0,0,0,0,0,0,0,0,0,0,0,0,0,0,0,0,0,0,0,0.2160216,0,0.1680672,0,0,0,0.05602241,0.05442177,0,0,0.04492588,0,0,0.2372991,0,0,0.002178847,0.001401682,0.003156566,1
0,0,0.2509804,0,0,0,0,0,0,0,0,0.1323681,0,0,0,0,0,0,0.1365333,0,0,0,0,0,0.1228997,0.07683073,0,0,0,0,0,0,0.1408141,0,0,0,0.1857765,0,0,0,0,0.2689076,0,0,0,0,0,0,0,0.01517637,0.03626562,0,0,0,0.0009387198,0.001201442,0.003661616,1
0,0,0,0,0,0,0,0,0,0,0,0,0,0,0,0,0,0,0,0,0,0,0,0,0,0,0.60006,0,0,0,0,0,0,0,0,0,0,0,0,0,0,0,0,0,0,0,0,0,0,0,0,0,0,0,0,0,0.0002525253,1
0,1,0,0,0,0,0,0,0,0,0,0,0,0,0,0,0,0,0,0,0,0,0,0,0,0,0,0,0,0,0,0,0,0,0,0,0,0,0,0,0,0,0,0,0,0,0,0,0,0,0,0,0,0,0.0007262823,0.0004004806,0.0005050505,1
0.02202643,0,0.01960784,0,0,0,0,0,0.1749049,0,0,0.04136505,0,0,0,0,0.0140056,0,0.02133333,0,0.0180018,0,0,0,0.02448392,0.03661465,0.0030003,0,0,0,0,0,0.01650165,0,0,0,0.01451379,0,0,0,0,0,0,0.005,0,0,0,0,0.003192702,0.01579163,0.006861064,0,0.004664335,0,0.001620518,0.003103724,0.03194445,1
0.2775331,0,0,0,0,0,0,0,0,0.06930693,0,0.1302999,0,0,0,0,0,0.1386139,0.1349333,0,0,0,0,0,0,0,0,0.2783278,0,0,0,0,0,0,0,0,0,0,0,0,0.1764706,0,0,0,0.05882353,0.1147392,0,0,0,0,0,0,0,0,0.001672265,0.001001201,0.00334596,1
0,0,0,0,0,0,0,0,0,0,0,0,0,0,0,0,0,0,0,0,0,0,0,0,0,0,0,0,0,0,0,0,0,0,0,0,0,0,0,0,0,0,0,0,0,0,0,0,0,0,0,0,0,0,0.0001507036,0.0002002403,0.0008207071,1
0,0,0,0,0,0,0,0,0,0,0,0,0,0,0,0,0,0,0,0,0,0,0,0,0,0,0.0150015,0,0.03501401,0,0,0,0,0,0,0,0,0,0,0,0,0,0,0,0,0,0,0,0,0.05137408,0.04092134,0,0,0.004185788,0.002708125,0.002703244,0.01502525,1
0,0.03711484,0.1039216,0,0.08,0,0.03576341,0.02340234,0,0.01430143,0,0.05480868,0.09549548,0.053,0,0,0,0,0.1146667,0.01430143,0.0720072,0,0,0,0.012482,0.01560624,0,0,0,0,0,0,0.02915291,0,0,0,0,0,0,0,0,0,0,0,0,0,0,0,0,0,0,0,0.006663335,0,0.00161507,0.002002403,0.0102904,0
0,0,0,0,0,0,0,0,0,0,0,0,0,0,0,0,0,0,0,0,0,0,0,0,0,0,0,0,0,0,0,0,0,0,0,0,0,0,0,0,0,0,0,0,0,0,0,0,0,0.02850697,0,0.02567892,0,0,0.003749433,0.002603124,0.007386364,0
0,1,0,0,0,0,0,0,0,0,0,0,0,0,0,0,0,0,0,0,0,0,0,0,0,0,0,0,0,0,0,0,0,0,0,0,0,0,0,0,0,0,0,0,0,0,0,0,0,0,0,0,0,0,0.0007262823,0.0004004806,0.0005050505,1
0,0,0,0,0,0,0,0,0,0,0,0.344364,0,0,0,0,0,0,0,0,0,0,0,0,0,0,0,0,0,0,0,0,0,0,0,0,0,0,0,0,0,0,0,0,0,0,0,0.333,0,0,0,0.01958249,0,0,0.000907853,0.0009010813,0.001073232,1
0,0,0.1980392,0,0,0,0.06877579,0,0,0.1111111,0.5785441,0.1561531,0,0,0,0.025,0,0,0.1882667,0,0.09090909,0,0.2770642,0.0808,0,0,0,0,0,0,0,0,0,0,0,0,0,0,0,0,0,0,0,0,0,0,0,0,0,0.009126334,0,0.0440606,0.0892887,0,0.002805266,0.002202643,0.01414141,0
0,0,0.2784314,0,0.07099999,0,0,0.06390639,0,0.0390539,0,0,0,0,0,0,0.3991597,0.3135313,0.07573333,0,0.3213321,0,0,0,0,0,0,0,0,0,0,0,0,0,0,0,0,0,0,0,0,0,0,0,0,0,0,0,0,0,0,0.02866556,0,0,0.01003631,0.01161394,0.01363636,0
0,0,0,0,0,0,0,0,0.1730038,0,0,0,0,0,0,0,0,0,0.04853334,0,0.2475248,0,0,0,0,0,0,0,0,0,0,0,0,0,0,0,0,0,0,0,0,0,0,0,0,0,0,0,0,0.01445857,0,0.01739639,0,0,0.001724921,0.002703244,0.005429293,0
0,0,0,0,0,0,0,0,0,0,0,0,0,0,0,0,0,0.1386139,0.2698667,0,0,0,0,0,0,0,0,0,0,0,0,0,0,0,0,0,0,0,0,0,0,0,0,0.063,0.1181139,0,0,0,0,0.02696883,0,0,0,0,0.000907853,0.0004004806,0.001957071,1
0,0,0,0,0,0,0,0,0,0,0,0,0,0,0,0,0,0,0,0,0,0,0,0,0,0,0.750075,0,0,0,0,0,0,0,0,0,0,0,0,0,0,0,0,0,0,0,0,0,0,0,0,0,0,0,0.0002269632,0.0001001201,0.0002525253,1
0,0,0,0,0.013,0.04421768,0,0,0,0.007150715,0,0.1209928,0.02342342,0.013,0,0,0.07282913,0,0,0,0,0,0,0,0.174748,0.03901561,0,0,0.009103641,0.08843537,0,0,0,0,0,0.05071521,0.01886792,0,0,0,0,0,0,0,0,0,0,0,0.03078677,0.01035685,0,0,0,0,0.0008306854,0.001802163,0.02436869,1
0.02643172,0.008403362,0.02352941,0,0.012,0.02040816,0,0.03330333,0.02281369,0,0.04597701,0.07652534,0,0,0,0,0.03361345,0.01320132,0,0.01320132,0,0,0,0,0.02352376,0,0,0.01320132,0.008403362,0,0,0,0,0,0,0.1274382,0.03483309,0,0.01080108,0,0,0.03431373,0,0,0,0.03356009,0,0,0.003876853,0.009126334,0,0,0.002831918,0,0.0003658647,0.001702042,0.02872475,1
0,0,0,0,0,0,0,0,0,0,0,0,0,0,0,0,0,0,0.1002667,0,0,0,0,0,0,0,0,0,0,0,0,0,0,0,0,0,0,0,0,0,0,0,0,0,0.08776844,0,0,0,0,0.03589007,0,0,0,0,0.0004185202,0.0005006007,0.001136364,1
0,0,0,0,0.096,0,0.1320495,0,0,0,0,0,0,0,0,0.048,0,0,0,0,0.1728173,0,0,0,0,0,0,0,0,0,0,0,0,0,0,0,0,0,0,0,0,0,0,0.048,0,0,0,0,0,0,0,0.02537102,0,0,0.001838402,0.00660793,0.007386364,0
0,0,0,0,0,0,0,0,0,0,0,0.03412617,0.05945946,0,0,0,0,0,0.05333333,0,0.02970297,0,0,0,0.4171867,0.2809124,0,0,0,0.05612245,0.0264,0,0,0,0,0,0.095791,0,0.02970297,0,0.1862745,0,0,0,0,0,0,0,0.2282782,0,0,0,0,0,0.001544258,0.001902283,0.01136364,1
0.1894273,0,0.1686275,0,0,0,0,0,0,0,0,0,0,0,0,0.043,0.4817927,0,0.2298667,0,0.07740775,0,0.1577982,0,0,0,0,0,0,0,0,0,0,0,0,0,0,0,0,0,0,0,0,0,0,0,0,0,0,0,0,0.02857319,0.02565384,0.007766402,0.001279165,0.0006007209,0.003282828,0
0,0.01260504,0,0,0,0,0,0,0,0,0,0.01861427,0,0,0,0,0,0,0,0,0,0,0,0,0.008641383,0,0,0,0,0,0,0,0.1540154,0,0,0.04811443,0.02612482,0,0,0,0,0,0,0,0,0,0.08294931,0.018,0,0.01917556,0,0,0,0,0.00103586,0.0008009612,0.01332071,1
0.1167401,0,0.2078431,0,0.053,0,0.1458047,0,0,0,0,0.05480868,0,0,0,0.053,0.07422969,0,0.2266667,0,0.09540954,0,0.2917431,0,0,0,0,0,0,0,0,0,0,0,0,0,0,0,0,0,0,0,0,0,0.02474323,0,0,0,0,0,0,0.0371944,0.0431451,0,0.004137994,0.007509011,0.01186869,0
0,0,0,0,0,0,0,0,0,0,0,0,0,0,0,0,0,0,0,0,0,0,0,0,0,0,0,0,0,0,0,0,0,0,0,0,0,0,0,0,0,0,0,0,0,0,0,0,0,0.05393766,0,0,0,0,0.0004802542,0.0005006007,0.001578283,1
0,0,0,0,0.151,0,0,0,0,0,0,0.3133402,0,0,0,0,0,0,0.08053333,0,0,0,0,0,0,0,0,0,0,0,0,0,0,0,0,0,0,0,0,0,0,0,0,0.0755,0,0,0,0,0,0.05609106,0,0,0,0,0.0006808897,0.0004004806,0.001704545,1
0,0,0,0,0,0,0,0,0,0,0,0,0,0,0,0,0,0,0,0,0,0,0,0,0,0,0,0,0,0,0,0,0,0,0,0,0,0,0,0,0,0,0,0,0,0,0,0,0,0.07885562,0,0,0,0,0.002496595,0.0008009612,0.0008838384,1
0,0,0,0,0,0.1785714,0,0,0,0,0,0.05377456,0,0,0,0,0,0,0,0,0,0,0,0,0,0,0,0,0,0,0,0,0,0,0,0,0,0,0,0,0,0,0,0,0,0,0,0,0,0.005844955,0,0,0,0,0.001520654,0.003504205,0.006186869,0
0.1035242,0.02170868,0.09215686,0,0.005,0.02210884,0.006877579,0.02340234,0.0798479,0.04180418,0.09961686,0.1003102,0.1027027,0.123,0,0.005,0.06582633,0,0.1722667,0,0.1341134,0,0.1816514,0.0272,0,0,0,0,0,0,0,0,0,0,0,0,0,0,0,0,0,0,0,0,0.0009337068,0,0,0,0,0.006870386,0,0.01009914,0.1429285,0.007917697,0.004473899,0.01982379,0.1994318,0
0,0,0,0,0,0,0.2283356,0,0,0,0,0,0,0,0,0,0,0,0.1776,0,0,0,0,0.2664,0,0,0,0,0,0,0,0,0,0,0,0,0,0,0,0,0,0,0,0,0,0,0,0,0,0,0,0.01133075,0,0,0.001462551,0.001101322,0.002904041,0
0,0,0,0,0,0,0,0,0,0,0,0,0,0,0,0,0,0,0,0,0,0,0,0,0,0,0,0,0,0,0,0,0,0,0,0,0,0,0,0,0,0,0,0,0,0,0,0,0,0,0,0,0,0,0.000907853,0.0004004806,0.0004419192,1
0.1585903,0,0,0,0,0,0,0,0,0,0,0.1499483,0,0,0,0,0,0,0.0384,0,0,0,0,0,0,0,0,0,0,0,0,0,0,0,0,0,0,0,0,0,0,0,0,0,0,0,0,0.072,0,0,0,0,0,0,0.0003694961,0.0005006007,0.002335859,1
0,0,0.1039216,0,0.053,0,0.07290234,0,0,0.02915291,0,0,0,0,0,0,0.07422969,0,0.312,0,0.2871287,0,0,0,0,0,0,0,0,0,0,0,0,0,0,0,0,0,0,0,0,0,0,0,0,0,0,0,0,0.009228877,0,0.01111522,0,0,0.001304585,0.001802163,0.004861111,0
0,0,0,0,0,0,0,0,0,0,0,0,0,0,0,0,0,0,0,0,0,0,0,0,0,0,0.60006,0,0,0,0,0,0,0,0,0,0,0,0,0,0,0,0,0,0,0,0,0,0,0,0,0,0,0,0,0,0.0002525253,1
0.008810572,0.005602241,0.04705882,0,0.004,0.02721088,0,0.00360036,0.03041825,0.02860286,0.03065134,0.1075491,0,0,0,0.012,0.005602241,0,0.03626667,0,0.07920792,0,0.00733945,0,0.08449352,0.03601441,0,0.01760176,0,0,0.0128,0,0,0,0.018,0,0.03483309,0.004801921,0,0,0,0.002801121,0,0,0.001867414,0,0,0,0.006613454,0.01456112,0,0.002186095,0.01182742,0.000554743,0.0008924195,0.002202643,0.08585858,1
0,0,0.2196078,0,0.056,0,0,0,0,0.03080308,0,0,0,0,0,0.028,0,0,0.12,0,0.1008101,0,0,0,0,0,0,0,0,0,0,0,0,0,0,0,0,0,0,0,0,0,0,0,0.02614379,0,0,0,0,0.01045939,0,0.01893589,0,0,0.001273718,0.001802163,0.008585858,0
0,0,0,0,0,0,0,0,0,0,0,0,0,0,0,0,0,0,0.05226667,0,0.1764176,0,0,0,0,0,0,0,0,0,0,0,0.05390539,0,0,0,0,0,0,0,0,0,0,0.098,0,0.04444445,0,0,0,0,0,0,0,0,0.000907853,0.001201442,0.002588384,1
0,0,0,0,0,0,0,0,0,0,0,0,0,0,0,0,0,0,0,0,0,0,0,0,0,0,0,0,0,0,0,0,0,0,0,0,0,0,0,0,0,0.1183473,0,0,0,0,0,0.169,0,0,0,0,0,0,0.0005710394,0.0006007209,0.002714647,1
0,0,0,0,0,0,0,0,0,0,0,0,0,0,0,0,0,0,0,0,0,0,0,0,0,0,0,0.4070407,0.5182073,0,0,0,0,0,0,0,0,0,0,0,0,0.5182073,0,0,0,0,0,0,0,0,0,0,0,0.07579807,0.002610077,0.001501802,0.001893939,1
0,0,0,0,0,0,0,0,0,0,0,0,0,0,0,0,0,0,0,0,0,0,0,0,0,0,0.750075,0,0,0,0,0,0,0,0,0,0,0,0,0,0,0,0,0,0,0,0,0,0,0,0,0,0,0,0.001210168,0.0004004806,0.0003787879,1
0,0,0,0,0,0,0.4044017,0.1323132,0.2794677,0.08085809,0.5632184,0,0,0,0,0,0.4117647,0,0,0.08085809,0.3969397,0,0,0,0,0,0,0,0,0,0,0,0,0,0,0,0,0,0,0,0,0,0,0,0,0,0,0,0,0.01445857,0,0.01308578,0.02348826,0,0.1261916,0.0278334,0.01761364,0
0.1079295,0,0.145098,0,0.024,0.1258503,0.03301238,0.06660666,0.04562737,0.01320132,0.09195402,0.1271975,0,0,0,0,0.1722689,0,0.0656,0.09515952,0.2223222,0,0.0440367,0.0592,0,0,0,0,0,0,0,0,0,0,0,0,0,0,0,0,0,0,0,0,0,0,0,0,0,0.011895,0,0.05031098,0.02582042,0,0.002700862,0.004605527,0.03055556,0
0,0,0.09019608,0,0,0,0.06327373,0,0,0,0.1762452,0,0,0,0,0,0,0.1540154,0.09973333,0,0,0.05438596,0.08440367,0,0,0,0,0,0,0,0,0,0,0,0,0,0,0,0,0,0,0,0,0,0.02147526,0,0,0,0,0,0,0,0,0,0.001521562,0.003103724,0.005681818,0
0,0,0,0,0,0,0,0,0,0,0,0,0,0,0,0,0,0,0,0,0,0,0,0,0,0,0.60006,0,0,0,0,0,0,0,0,0,0,0,0,0,0,0,0,0,0,0,0,0,0,0,0,0,0,0,0,0,0.0002525253,1
0.0969163,0,0,0,0.089,0,0,0,0,0.02420242,0,0.1385729,0,0,0,0.022,0,0,0.2149334,0,0.1611161,0,0,0.0352,0,0,0,0,0,0,0,0,0,0,0,0,0,0,0,0,0,0,0,0,0.02054155,0,0,0,0,0,0,0.02906583,0.02415459,0.003631045,0.001317295,0.002703244,0.009532828,0
0.02422908,0,0.02156863,0,0.011,0.01870748,0,0,0.1958175,0,0,0.03516029,0,0,0,0,0,0,0.024,0,0.01980198,0,0,0,0.02736438,0.04081633,0.00330033,0,0,0,0,0,0.01870187,0,0,0,0.03193033,0,0,0,0,0,0,0,0,0,0,0,0.01778791,0.01753487,0.007596178,0,0.005164085,0,0.002185202,0.004004806,0.03371212,1
0,0,0,0,0,0,0,0,0,0,0,0,0,0,0,0,0,0,0,0,0,0,0,0,0.1651464,0.2064826,0,0,0,0,0,0,0,0,0,0,1,0,0,0,0,0,0,0,0.1605976,0,0,0,0,0,0,0,0,0,0.001650477,0.000700841,0.001893939,1
0.2246696,0,0,0,0,0,0,0,0,0.05610561,0,0,0,0,0,0,0,0,0,0,0,0,0,0,0.04896783,0.06122449,0,0.2244224,0,0,0,0,0,0,0,0.1326398,0,0,0,0,0,0,0,0,0,0,0,0,0,0.05445037,0,0,0,0,0.001785747,0.001001201,0.005744949,1
0,0,0,0,0,0,0,0,0,0,0,0,0,0,0,0,0,0,0,0,0,0,0,0,0,0,0.06360635,0,0,0,0,0,0,0,0,0,0,0,0,0,0,0,0,0,0,0,0,0,0,0.07536916,0,0,0,0,0.001815706,0.0006007209,0.002967172,1
0.1651982,0,0.07254902,0,0,0,0,0,0,0,0,0,0.06666666,0,0,0,0,0,0.05973333,0,0.1683168,0,0,0,0.03600576,0.02220888,0.05610561,0.04070407,0.02591036,0.06292517,0.0296,0.07773109,0,0.07773109,0.0185,0.04811443,0.1088534,0,0.03330333,0.07773109,0,0,0.7366948,0,0.03501401,0,0,0,0,0.03127564,0,0.001878195,0,0,0.0008197912,0.001201442,0.007386364,1
0.05066079,0.04131652,0.04509804,0,0.023,0.01870748,0,0,0.1558935,0.06490649,0.04214559,0.2068252,0.04144144,0,0,0,0.01540616,0,0.2581334,0.2728273,0.1593159,0,0,0.0184,0,0,0,0,0,0,0,0,0,0,0,0,0,0,0,0,0,0,0,0,0.005135388,0,0,0,0,0.01907301,0,0.004002709,0.02798601,0.0009077613,0.00432138,0.0174209,0.05012626,0
0,0,0.3098039,0,0,0,0,0,0,0,0,0,0,0,0,0,0,0,0,0,0,0,0,0,0,0,0,0,0,0,0,0,0,0,0,0.2054616,0,0,0.1422142,0,0,0,0,0,0,0,0,0,0,0,0,0,0,0,0.0004212437,0.0006007209,0.002525253,1
0,0,0.05490196,0,0,0,0,0,0,0.03135313,0,0.14788,0,0,0,0,0,0,0,0,0.02520252,0,0,0,0.01344215,0.06842737,0,0,0,0,0,0,0,0,0.014,0,0.1654572,0,0,0,0,0,0,0.057,0,0,0,0.028,0,0.04409352,0,0,0,0,0.001726736,0.005406488,0.01496212,1
0,0,0,0,0,0,0,0,0,0,0.1455939,0.0196484,0,0,0,0,0,0,0.07093333,0,0.03420342,0,0,0,0.009121459,0,0,0,0,0,0,0,0,0,0,0,0,0,0,0.03991596,0,0,0,0,0,0,0,0,0,0.01579163,0,0.0009237021,0,0.001512936,0.001681344,0.001101322,0.02443182,1
0,0,0,0,0,0,0,0,0,0,0,0,0,0,0,0,0,0,0.2538667,0,0,0,0,0,0,0,0,0,0,0,0,0,0,0,0,0,0,0,0,0,0,0,0,0,0.2222222,0,0,0,0,0,0,0,0,0,0.000518384,0.0002002403,0.0006313131,1
0,0,0.05490196,0,0.028,0,0,0,0,0,0,0.2026887,0,0,0,0,0,0,0,0,0,0,0,0,0,0,0,0,0,0,0,0,0,0,0.014,0,0.08127721,0,0,0,0,0,0,0,0,0,0,0,0,0.01845775,0,0,0,0,0.0004748071,0.001001201,0.01003788,1
0.1101322,0.01330532,0.1117647,0,0.025,0.06462585,0,0,0.09505703,0.00330033,0.04597701,0.06514995,0.03423423,0,0,0.0345,0.07002801,0.04180418,0.1861333,0.00330033,0.1143114,0,0.05688073,0.0864,0,0,0,0,0,0,0,0,0,0,0,0,0,0,0,0,0,0,0,0,0.01167134,0,0.02764977,0,0,0.006870386,0,0.01339368,0.09861736,0.001109486,0.003935542,0.00720865,0.1003157,0
0,0,0,0,0,0,0,0,0,0,0,0.139607,0,0,0,0,0,0,0.144,0,0.1215122,0,0,0,0,0.08103242,0,0,0,0,0,0,0,0,0,0,0,0,0,0,0,0,0.3781513,0,0,0,0,0,0,0,0,0,0,0,0.0007989106,0.0004004806,0.002904041,1
0,0,0,0,0.054,0,0,0,0,0,0,0.05584281,0,0,0,0,0,0,0.0288,0,0.04860486,0,0,0,0,0,0,0,0,0,0,0,0,0,0,0,0,0,0,0,0,0,0,0.0545,0,0.0244898,0,0,0,0,0,0,0,0,0,0,0.001325758,1
0,0,0.04509804,0,0.092,0,0,0,0.04372624,0,0,0.09513961,0,0.092,0,0,0.03221289,0,0,0,0.02070207,0,0,0,0.01104177,0,0,0.02530253,0,0,0.0184,0,0,0,0.0115,0,0.03338172,0,0,0,0,0.06442577,0,0,0,0,0,0,0,0.0133306,0.006370988,0.0008005419,0,0.001311211,0.001109396,0.002202643,0.0302399,1
0,0,0,0,0.105,0,0,0,0,0,0,0,0,0,0,0,0,0,0.1125333,0,0.2529253,0,0,0,0,0,0.0210021,0,0,0,0,0.07352941,0,0.07352941,0,0,0,0,0,0,0,0,0,0,0,0,0,0,0,0.004819524,0,0,0,0.002370266,0.001118475,0.001101322,0.01022727,1
0,0,0.5431373,0,0,0,0,0,0,0,0,0,0,0,0,0,0,0,0.4442667,0,0,0,0,0,0,0,0,0,0,0,0,0,0,0,0,0,0,0,0,0,0,0,0,0,0,0,0,0,0,0,0,0,0,0,0.0001942805,0.0003003604,0.001010101,1
0,1,0,0,0,0,0,0,0,0,0,0,0,0,0,0,0,0,0,0,0,0,0,0,0,0,0,0,0,0,0,0,0,0,0,0,0,0,0,0,0,0,0,0,0,0,0,0,0,0,0,0,0,0,0.0007262823,0.0004004806,0.0005050505,1
0,0,0,0,0,0,0,0,0,0,0,0.5067219,0,0,0,0,0,0,0,0,0,0,0,0,0,0,0,0,0,0,0,0,0,0,0,0,0,0,0,0,0,0,0,0,0,0,0,0,0,0,0,0,0,0,0.001320018,0.0004004806,0.001641414,1
0,0,0.2352941,0,0,0,0,0,0,0,0,0,0,0,0,0,0,0,0.1925333,0,0.2160216,0,0,0,0,0,0,0,0,0,0,0,0,0,0,0,0,0,0,0,0,0,0,0,0,0.05442177,0,0,0,0,0,0,0,0,0.0001815706,0.0002002403,0.00145202,1
0,0,0.1117647,0,0,0,0,0,0,0,0,0,0,0,0,0,0,0,0.01493333,0,0,0,0,0,0.01344215,0.01680672,0,0,0,0,0,0,0,0,0,0,0,0,0,0,0.03921569,0,0,0.014,0.0130719,0.01269841,0,0.028,0,0.004409352,0,0,0,0,0.0005819338,0.000700841,0.006881313,1
0.02202643,0.007002801,0.1392157,0,0.051,0.03401361,0.02751032,0.0090009,0.2718631,0.04510451,0.03831418,0.05274043,0,0,0,0.005,0,0.1122112,0.1146667,0.02255226,0.1656166,0,0,0.024,0,0,0,0,0,0,0,0,0,0,0.005,0,0,0,0.0090009,0,0,0,0,0,0,0,0,0,0,0,0.06469003,0.02998953,0.06596702,0.001664229,0.001963686,0.005506608,0.06483586,0
0,0,0.5156863,0,0,0,0,0,0,0,0,0.2719752,0,0,0,0,0,0,0.1402667,0,0,0,0,0,0.1262602,0.1578632,0.07890789,0,0,0,0,0,0,0,0,0,0,0,0,0,0,0,0,0,0,0,0,0,0,0,0,0,0,0,0,0,0.0004419192,1
0.09251101,0,0.08235294,0,0.021,0,0,0,0,0,0,0.02171665,0,0,0,0,0,0,0.1018667,0,0.03780378,0,0,0,0,0,0,0,0,0,0,0,0,0,0,0,0,0,0,0,0,0,0,0,0.009803921,0,0,0,0.009122007,0.004101723,0,0,0,0,0.000907853,0.0002002403,0.0008207071,1
0.05066079,0.02030812,0.1254902,0,0.017,0.02891156,0.01513067,0.00450045,0.009505703,0.02585259,0.04214559,0.1209928,0.08468468,0.005,0.03854876,0.0025,0.01540616,0.03190319,0.2096,0,0.1845185,0,0.08623853,0.0232,0,0,0,0,0,0,0,0,0,0,0,0,0,0,0,0,0,0,0,0,0,0,0,0,0,0.01363823,0,0.01514872,0.05630518,0.004639669,0.004569224,0.008610332,0.09210858,0
0,0,0.4254902,0,0,0,0,0,0,0,0,0,0,0,0,0,0,0.2387239,0.4634666,0,0.5868587,0,0,0,0,0,0,0,0,0,0,0,0,0,0,0,0,0,0,0,0,0,0,0,0,0,1,0,0,0,0,0,0,0,0.000302315,0.0002002403,0.0004419192,1
0,0,0,0,0,0,0,0,0,0,0,0,0,0,0,0,0,0,0,0,0,0,0,0,0,0,0,0,0,0,0,0,0,0,0,0,0,0,0,0,0,0,0,0,0,0,0,0,0.0741163,0,0,0,0,0,0,0,0.0008207071,1
0,0,0,0,0,0,0,0,0,0,0,0,0,0,0,0,0,0,0,0,0,0,0,0,0.4171867,0.2605042,0.130213,0.4774477,0.3039216,0.7380952,0.3472,0.9117647,0,0.9117647,0.217,0.5643693,0,0,0,0.9117647,0,0,0,0,0,0,0,0,0,0.119155,0,0,0,0,0.002118021,0.001001201,0.001830808,1
0,0,0,0,0,0,0,0,0,0,0,0,0,0,0,0,0,0,0,0,0,0,0,0,0,0,0.3333333,0,0,0,0,0,0,0,0,0,0,0,0,0,0,0.7780112,0,0,0,0,0,0,0,0,0,0,0,0,0,0,0.0003156566,1
0,0,0.04117647,0,0,0.03571428,0,0,0,0.01155115,0.08045977,0.1323681,0,0,0,0,0.02941176,0,0.06826667,0,0.05760576,0,0,0,0,0,0,0,0,0,0,0,0,0,0,0,0.09288824,0,0,0,0,0,0,0,0,0,0,0.064,0,0,0,0,0.01615859,0,0.001317295,0.005406488,0.01603535,1
0,0.017507,0.02352941,0,0.037,0,0,0.01080108,0,0.02035204,0.09578545,0.03826267,0.02162162,0,0,0,0.01680672,0,0.01973333,0,0.01080108,0,0.02201835,0,0.1204993,0,0,0,0,0.04251701,0,0,0.00660066,0,0,0,0.01741655,0,0,0,0,0,0,0,0,0,0,0,0.003648803,0.005127153,0,0.001539504,0,0,0.001283704,0.002402883,0.02310606,1
0,0,0,0,0,0,0,0,0,0,0,0.1075491,0,0,0,0,0,0,0.2773333,0,0,0,0,0,0,0,0.03120312,0,0,0,0,0,0,0,0,0,0,0,0,0,0,0,0,0,0,0,0,0,0,0.0199959,0,0,0,0,6.445754E-05,0.0001001201,0.0008838384,1
0.002202643,0.0007002801,0.0254902,0,0.013,0.00170068,0,0,0.001901141,0.007150715,0.01149425,0.04653567,0.005405405,0.007,0,0.0055,0.07422969,0.00770077,0.003733333,0,0.00270027,0,0.001834862,0,0,0,0,0,0.0007002801,0,0,0,0.08635864,0,0,0.01430429,0.1248186,0,0,0.006302521,0,0.00210084,0.008403362,0.0005,0.0004668534,0.01043084,0,0.015,0.001824401,0.01138228,0,6.158015E-05,0,0.0005043118,0.001004085,0.005706848,0.1910354,1
0,0,0,0,0.229,0,0,0,0,0,0,0.1178904,0,0,0,0.2295,0,0,0.1834667,0,0.1026103,0,0,0,0,0,0,0,0,0,0,0,0,0,0,0,0,0,0,0,0,0,0,0,0.05322129,0,0,0,0,0.06624283,0,0.05970195,0,0,0.006773491,0.002903484,0.006881313,0
0,0,0,0,0,0,0,0,0,0,0,0.229576,0,0,0,0,0,0,0.03946667,0,0,0,0,0,0,0,0,0,0,0,0,0,0,0,0,0,0.107402,0,0,0,0,0,0,0,0,0.1006803,0,0,0,0,0,0,0.0461436,0,0.001561507,0.001401682,0.004229798,1
0.03303965,0.0315126,0.2058823,0,0.045,0,0,0.1629163,0.1140684,0.04125413,0,0.09307135,0.05405406,0,0.06802721,0,0,0,0.2170667,0,0.1359136,0,0,0.024,0,0,0,0,0,0,0,0,0,0,0,0,0,0,0,0,0,0,0,0,0.007002801,0,0,0,0,0.02563577,0,0.04058132,0.01132767,0,0.003904676,0.0129155,0.04880051,0
0,0,0.09215686,0,0.143,0,0,0,0,0,0,0.09824198,0,0,0,0.0235,0.1330532,0,0.1781333,0,0.1719172,0,0.08623853,0,0,0,0,0,0,0,0,0,0,0,0,0,0,0,0,0,0,0,0,0,0.06676003,0,0,0,0,0.007793273,0,0.01650348,0.05097451,0,0.003316387,0.007709251,0.01521465,0
0.05506608,0,0,0,0.025,0.04251701,0,0,0,0,0,0.05274043,0,0.025,0,0,0,0.02750275,0.0272,0,0.02250225,0,0,0,0,0.015006,0,0,0,0,0,0,0.01375137,0,0,0,0,0,0,0,0.03501401,0,0,0,0,0.01133787,0,0.025,0,0.008408532,0,0,0,0.002067679,0.0002605537,0.0003003604,0.00530303,1
0,0,0,0,0,0,0,0,0.0513308,0,0,0.02792141,0,0.136,0,0,0.03781513,0,0.0432,0,0.04860486,0,0,0,0.01296207,0,0,0,0,0,0,0,0,0,0.0135,0,0,0,0,0,0,0.07633054,0,0,0,0,0.8801843,0,0,0,0,0,0,0.01159917,0.001380844,0.003003604,0.03257576,1
0.07268723,0,0.1294118,0,0.022,0,0,0,0.08365019,0.006050605,0,0.03412617,0,0,0,0.0275,0,0,0.09386667,0,0.09900991,0,0,0.0176,0,0,0,0,0,0,0,0,0,0,0,0,0,0.01320528,0,0,0,0,0.03081232,0,0,0,0,0,0,0.01773995,0,0.01129996,0.03215059,0.003883201,0.001415343,0.007408891,0.02449495,0
0,0,0,0,0,0,0,0,0,0,0,0.07342295,0.1279279,0,0,0,0,0,0.03786667,0,0,0,0,0,0,0,0,0,0,0,0,0,0,0,0,0,0,0,0,0,0,0,0,0,0,0.03219955,0,0,0,0.01281788,0,0,0.02082292,0,0.000246936,0.0003003604,0.001704545,1
0,0,0,0,0,0,0,0,0,0.02970297,0,0,0,0,0,0,0,0,0.0864,0,0,0,0,0,0.07777245,0.06482594,0.03240324,0.1782178,0.03781513,0.09183674,0.0432,0.1134454,0,0.1134454,0.027,0.07022107,0.07837446,0,0,0.1134454,0,0,0.1512605,0,0.02521008,0,0,0,0,0.05732158,0,0,0,0,0.001851112,0.001201442,0.009722223,1
0,0,0,0,0,0,0,0,0,0,0,0,0,0,0,0,0,0,0,0,0,0,0,0,0,0,0,0,0,0,0,0,0,0,0,0,0,0,0,0,0,0,0,0,0,0,0,0,0,0,0,0,0,0,0,0,0.0001262626,1
0.03083701,0,0.02745098,0,0,0.0952381,0,0,0,0,0,0.01447777,0,0,0,0,0,0.03080308,0.1285333,0,0.01260126,0,0,0,0,0,0,0,0,0,0,0,0,0,0,0,0,0,0,0,0.05882353,0,0,0,0.03267974,0.006349206,0,0,0,0.005434783,0,0,0,0,0.000123468,0.0004004806,0.006755051,1
0.01321586,0,0,0,0,0.02040816,0,0,0,0.00660066,0,0.0196484,0,0,0.01360544,0.0095,0.01680672,0,0.0928,0.00330033,0.1107111,0,0.04587156,0.0048,0.1084974,0.02280912,0.00180018,0.02090209,0,0.03231293,0.0256,0,0,0,0.0125,0,0.04644412,0,0.01710171,0,0,0,0,0,0.00280112,0,0,0.012,0,0.03383921,0.004410684,0.001970565,0.009162086,0,0.0009296414,0.002402883,0.05656566,1
0,0.0210084,0.1470588,0,0.03,0,0.02063274,0,0,0.02475247,0.05747127,0,0.02702703,0,0.03401361,0.0075,0,0.08250825,0.008,0.008250825,0.0540054,0,0,0,0,0,0,0.01650165,0,0,0,0,0.008250825,0,0,0,0,0,0,0,0,0,0,0,0,0,0,0,0,0.002050861,0,0.01083811,0.003331668,0.002067679,0.004482978,0.01481778,0.06666667,0
0.03524229,0.005602241,0,0,0,0,0,0,0.03041825,0.01815182,0,0.06928645,0,0,0.01814059,0,0.07002801,0.03630363,0.03093333,0.00880088,0.03780378,0,0,0.0064,0.06433029,0.03481393,0,0,0,0.01360544,0,0,0,0,0,0.1417425,0.1944848,0,0.01440144,0,0,0,0,0.004,0,0,0,0,0.01915621,0.04183757,0.01470228,0,0.001999001,0,0.002886064,0.01031237,0.1044192,1
0.01101322,0,0,0,0,0.0170068,0,0,0,0.00550055,0.01915709,0.04963806,0,0,0.01133787,0.0105,0.0140056,0,0.0864,0.002750275,0.09720973,0,0.03853211,0.004,0.09841575,0.02881152,0.00150015,0.01760176,0,0.02721088,0.0216,0,0,0,0.0105,0,0.03918723,0,0.01440144,0,0,0,0,0,0.002334267,0,0,0.01,0,0.02963495,0.00367557,0.001908985,0.007662836,0,0.0009142079,0.003103724,0.0647096,1
0,0,0,0,0,0,0,0,0,0,0,0.04653567,0,0,0,0,0,0,0,0,0,0,0,0,0.0868939,0.0270108,0,0,0,0.1530612,0,0,0,0,0,0.05851755,0,0,0,0,0,0,0,0,0.0210084,0,0,0,0,0,0,0,0,0,0.0004030867,0.0004004806,0.006502525,1
0,0,0,0,0,0,0.06189821,0,0,0.02475247,0.08429119,0.02275077,0,0,0.04988662,0.011,0,0.02420242,0.08426667,0,0.1017102,0.780117,0.1651376,0,0,0,0,0,0,0,0,0,0,0,0,0,0.03193033,0,0,0,0,0,0,0,0,0,0,0,0,0,0,0.001139233,0.02498751,0.07988299,0.01174399,0.01131358,0.08352273,0
0.1982379,0,0,0,0,0,0,0,0,0,0,0.2792141,0,0,0,0,0,0,0.192,0,0,0,0,0,0,0.05402161,0,0,0,0,0,0,0,0,0,0,0,0,0,0,0,0,0,0.045,0,0,0,0.09,0,0.04911813,0,0,0,0,0.001058556,0.000700841,0.003219697,1
0,0,0,0,0,0,0,0,0,0,0,0,0,0,0,0,0,0,0,0,0,0,0,0,0,0,0.60006,0,0,0,0,0,0,0,0,0,0,0,0,0,0,0,0,0,0,0,0,0,0,0,0,0,0,0,0,0,0.0002525253,1
0,0,0,0,0.294,0,0,0,0,0,0,0,0,0,0,0.147,0,0,0,0,0,0,0,0,0,0,0,0,0,0,0,0,0,0,0,0,0,0,0,0,0,0,0,0,0,0,0,0,0.08095781,0.03640279,0,0.02189174,0,0,0.002723559,0.001101322,0.001704545,0
0.4405286,0,0,0,0,0,0,0,0,0,0.7662836,0.2068252,0,0,0,0,0,0,0.1066667,0,0.720072,0,0,0,0,0,0,0,0,0,0,0,0,0,0,0,0,0,0,0,0,0,0,0,0,0,0,0,0,0,0,0,0,0,0.004437585,0.002803364,0.003282828,1
0,0,0,0,0,0,0,0,0,0,0,0.1334023,0,0,0,0,0,0,0,0,0,0,0,0,0,0,0,0,0,0,0,0,0,0,0,0,0.09288824,0,0,0,0,0,0,0,0,0,0,0,0,0,0,0,0,0,0.001157513,0.000700841,0.005681818,1
0,0,0,0,0,0,0,0,0,0,0,0,0,0,0,0,0,0,0,0,0,0,0,0,0,0,0,0,0,0,0,0,0,0,0,0,0,0,0,0,0,0,0,0,0,0,0,0,0,0.05660377,0,0,0,0,0,0,0.0001893939,1
0,0.01190476,0.2019608,0,0.068,0.02891156,0.09353508,0,0,0.009350935,0,0.01758014,0.03063063,0,0.07709751,0.0515,0.04761905,0.01870187,0.1834667,0,0.1233123,0,0,0,0,0,0,0,0,0,0,0,0,0,0,0,0,0,0,0.03571428,0,0,0,0,0,0,0,0,0,0.008613618,0,0.001724244,0.03265034,0,0.001143895,0.005206247,0.01306818,0
0,1,0,0,0,0,0,0,0,0,0,0,0,0,0,0,0,0,0,0,0,0,0,0,0,0,0,0,0,0,0,0,0,0,0,0,0,0,0,0,0,0,0,0,0,0,0,0,0,0,0,0,0,0,0.0007262823,0.0004004806,0.0005050505,1
0,0,0,0,0,0,0,0,0,0,0,0.344364,0,0,0,0,0,0,0,0,0,0,0,0,0,0,0,0,0,0,0,0,0,0,0,0,0,0,0,0,0,0,0,0,0,0,0,0,0,0,0,0,0,0,0,0,0.0001893939,1
0,0,0,0,0,0,0,0,0,0,0,0.4922441,0,0,0,0,0,0,0,0,0,0,0,0,0,0,0,0,0,0,0,0,0,0,0,0,0,0,0,0,0,0,0,0,0,0,0,0,0,0,0,0.02367757,0,0,0.000388561,0.0003003604,0.0005681818,1
0,0,0,0,0.086,0,0.1182944,0,0,0,0,0,0,0,0.1950113,0,0,0.1892189,0.04586667,0,0,0,0,0,0,0,0,0,0,0,0,0,0,0,0,0.1118336,0,0,0,0,0,0,0,0,0.04014939,0,0,0,0,0.02789172,0,0,0.02265534,0,0.003214707,0.003003604,0.006818182,0
0,0,0,0,0.054,0.04591837,0,0.1458146,0,0.08910891,0,0,0,0,0.122449,0,0,0.02970297,0.1152,0,0.2430243,0,0,0,0,0,0,0,0,0,0,0,0,0,0,0.1755527,0,0,0,0.3403361,0,0,0,0,0,0,0,0,0,0.003896636,0.009311443,0.0142558,0,0,0.006301407,0.006407689,0.02550505,0
0,0,0.04705882,0,0.049,0,0,0,0.04562737,0,0,0,0,0.149,0,0,0.03361345,0,0,0,0.06660666,0,0,0,0.02352376,0,0,0,0,0,0,0,0,0,0,0,0.03483309,0,0,0,0,0.1561625,0,0,0,0,0,0,0,0.004716981,0,0.002124515,0,0.01285995,0.001612347,0.01201442,0.03920455,1
0.06828194,0,0.06078431,0,0,0,0,0,0,0,0,0.03205791,0.05585586,0,0,0,0,0,0.1514667,0,0.08460847,0,0,0,0,0,0,0,0,0,0,0,0,0,0,0,0,0,0,0,0,0,0,0,0,0,0,0,0,0.006050041,0,0.02183016,0,0,0.0001080345,0.0003003604,0.002904041,1
0.02202643,0.0140056,0.1980392,0,0.08,0.1360544,0.06877579,0,0.1520912,0.00550055,0.1149425,0.07238883,0.05405406,0,0.3650794,0.005,0,0.1221122,0.06986666,0.0110011,0.0630063,0,0.1100918,0.008,0,0,0,0,0,0,0,0,0,0,0,0,0,0,0,0,0,0,0.05602241,0,0.004668534,0.004535147,0,0,0,0.01127974,0,0.01502556,0.02615359,0.0007564678,0.00685429,0.06688026,0.08522727,0
0,0,0,0,0.068,0,0.2806052,0,0,0,0,0,0,0,0,0,0,0.2244224,0.07253333,0.03740374,0.1836184,0,0,0,0,0,0,0,0,0,0,0,0,0,0,0,0,0,0,0,0,0,0,0,0,0,0,0,0,0,0,0.009514132,0,0,0.001008625,0.001301562,0.005934343,0
0,0,0.05882353,0,0.03,0.05102041,0.04126548,0.0270027,0,0,0.2298851,0.09307135,0,0,0,0.045,0.08403362,0.0330033,0.128,0.1485149,0.270027,0,0,0.048,0,0,0,0,0,0,0,0,0,0,0,0,0,0,0,0,0,0,0,0,0,0,0,0,0,0.004922067,0,0.00443377,0,0.004841394,0.003997277,0.01381658,0.01767677,0
0,0,0.05882353,0,0.03,0.1530612,0,0.0270027,0,0,0,0.03102379,0.05405406,0,0,0.015,0.04201681,0.0330033,0.1125333,0,0.2718272,0,0,0.024,0,0,0,0,0,0,0,0,0,0,0,0,0,0,0,0,0,0,0,0,0.0140056,0,0,0,0,0.02153404,0,0,0.03498251,0.002622422,0.0006699955,0.001001201,0.01167929,0
0,0.05672269,0,0,0.203,0,0,0.0360036,0,0.06655665,0,0.08376422,0,0,0,0.02,0,0,0.1946667,0,0.1458146,0,0.2972477,0.032,0,0,0,0,0,0,0,0,0,0,0,0,0,0,0,0,0,0,0,0,0.01867414,0,0,0,0,0,0,0,0.04531068,0,0.001990014,0.003303965,0.01041667,0
0,0,0,0,0,0,0,0,0,0,0,0.3557394,0,0,0,0,0,0,0.1834667,0,0,0,0,0,0,0,0,0,0,0,0,0,0,0,0,0,0,0,0,0,0,0,0,0,0,0,0,0,0,0,0,0,0,0,0.000907853,0.0004004806,0.001578283,1
0,0,0.1254902,0,0,0.1088435,0,0,0,0,0,0,0,0,0,0.032,0,0,0.1381333,0,0,0,0.1174312,0,0,0,0,0,0,0,0,0,0,0,0,0,0.09288824,0,0,0,0,0,0,0,0,0,0,0,0.02143671,0.01938064,0.06959079,0.02038303,0,0,0.00823241,0.01301562,0.01837121,0
0,0,0,0,0,0,0,0,0,0,0,0.07445709,0,0,0,0,0,0,0.07733334,0,0.1962196,0,0,0,0.06961114,0.04321729,0.04350435,0.07920792,0.05042017,0.122449,0.0576,0.1512605,0,0.1512605,0.036,0.09362809,0.1044993,0,0.06480648,0.1512605,0,0,0.2016807,0,0.03361345,0,0,0,0,0.03763331,0,0,0,0,0.000814344,0.001101322,0.004608586,1
0,0,0,0,0,0,0,0.05040504,0,0,0,0,0,0,0,0,0,0,0.05973333,0,0,0,0,0,0,0,0,0,0,0,0,0,0,0,0,0,0,0,0.1008101,0,0,0,0,0,0.05228758,0.02539683,0,0,0,0.0185603,0.02205342,0.005573003,0,0,0.003177485,0.003303965,0.009595959,1
0,0,0,0,0,0,0,0,0,0,0,0.1013444,0,0,0,0,0,0,0,0,0,0,0,0,0.02352376,0.05882353,0,0,0,0,0,0,0,0,0,0,0,0,0,0,0,0,0,0,0,0,0,0.049,0,0,0,0.004895621,0,0,0.0004085339,0.0006007209,0.004608586,1
0,0,0,0,0.012,0,0,0,0,0,0,0.09307135,0,0,0,0.006,0,0.01320132,0.0064,0,0.01080108,0,0,0,0,0,0,0.02750275,0.008403362,0.02040816,0,0,0,0,0,0.08322497,0,0.01440576,0,0,0,0.02661064,0,0,0,0.01723356,0,0,0,0.04009434,0,0,0,0,0.001286428,0.004004806,0.03030303,0
0.1079295,0.01960784,0.07843138,0,0.009000001,0.01870748,0.002751032,0.01890189,0.0798479,0.04125413,0.08812261,0.09203722,0.0972973,0.106,0,0.007999999,0.04621849,0.00220022,0.1722667,0,0.1314131,0,0.1889908,0.0408,0,0,0,0,0,0,0,0,0,0,0,0,0,0,0,0,0,0,0,0,0.0009337068,0,0,0,0,0.005947498,0,0.01176181,0.1410961,0.007110797,0.004342261,0.01922307,0.2025884,0
0,0.1246499,0,0,0,0,0,0,0,0.09790979,0,0.369183,0,0,0,0,0,0,0.4757333,0,0.160216,0,0,0,0,0,0,0,0,0,0,0,0,0,0,0,0,0,0.160216,0,0,0,0,0,0.0830999,0,0,0,0,0,0,0,0,0,0.0012601,0.002002403,0.002651515,1
0,0.03781513,0.1058824,0,0.219,0,0.1499312,0,0,0,0,0.05584281,0.0972973,0,0,0.027,0.4607843,0,0.2048,0,0.1476148,0,0,0,0,0,0,0,0,0,0,0,0,0,0,0,0,0,0,0,0,0,0,0,0,0,0,0,0,0.02471288,0,0.03217562,0.05347327,0,0.003674081,0.0139167,0.01332071,0
0,0,0.05490196,0,0,0,0,0,0,0,0,0,0,0,0,0,0,0,0.07466666,0,0.05040504,0,0,0,0.1617859,0.08403362,0.00840084,0.03080308,0.01960784,0.04761905,0.0224,0.05882353,0,0.05882353,0.014,0.03641092,0.08127721,0,0,0.05882353,0,0.01960784,0.1568628,0,0.0130719,0,0,0,0,0.01435603,0.02278853,0,0,0,0.001329097,0.001401682,0.01300505,1
0.1167401,0,0.2098039,0,0.053,0,0.1471802,0,0,0,0,0.05480868,0,0,0,0.0265,0.07422969,0,0.2293333,0,0.09630964,0,0.2954129,0,0,0,0,0,0,0,0,0,0,0,0,0,0,0,0,0,0,0,0,0,0.02474323,0,0,0,0,0,0,0.03642466,0.04214559,0,0.004043577,0.00670805,0.01130051,0
0,0,0,0,0,0,0,0,0,0,0,0,0,0,0,0,0,0,0.1082667,0,0,0,0,0,0.1214594,0.1518607,0.04560456,0,0,0,0,0,0.05555555,0,0,0,0.07256895,0,0.0450045,0,0,0,0.140056,0.152,0.02334267,0,0,0,0.02143671,0,0.02303357,0.002894267,0,0,0.0002360418,0.001101322,0.003914142,1
0.03303965,0,0.2392157,0,0.045,0,0.02063274,0,0.1159696,0.03355335,0,0.07859359,0.05405406,0,0.06802721,0.0305,0.08543418,0,0.09760001,0.02475247,0.2475248,0,0,0.024,0,0,0,0,0,0,0,0,0,0,0,0,0,0,0,0,0,0,0,0,0,0,0,0,0,0.01148482,0,0.02149147,0.01116109,0,0.003723105,0.006207449,0.05050505,0
0,0.08543418,0.1588235,0,0.04,0,0.1114168,0.0360036,0,0.04455445,0,0.04136505,0.3675675,0,0,0.1635,0,0.1342134,0.0432,0,0.0360036,0,0.3743119,0,0,0,0,0,0,0,0,0,0,0,0,0,0.05805515,0,0,0,0,0,0,0,0,0,0,0,0,0.06562756,0,0.01970565,0.1332667,0,0.00603813,0.01802163,0.03181818,0
0.01762114,0.005602241,0.06862745,0,0.152,0.02891156,0.01100413,0,0.06653992,0.009350935,0,0.14788,0,0.007999999,0,0.0265,0.01120448,0,0.1909333,0,0.08010801,0,0.0146789,0.0136,0,0,0,0,0,0,0,0,0,0,0,0,0,0,0,0,0,0,0,0,0,0,0,0,0,0.005537326,0.01666258,0.01136154,0.01815759,0.001361642,0.003550613,0.01181418,0.08055556,0
0,0,0.04509804,0,0.023,0,0,0,0.04372624,0,0,0,0,0.143,0,0,0.03221289,0,0.01226667,0,0.1926193,0,0,0,0.01104177,0,0,0,0,0,0,0,0,0,0,0,0.03338172,0,0,0,0,0.1330532,0,0,0,0,0,0,0.02668187,0.02409762,0,0.003602438,0,0.008270714,0.00146709,0.0159191,0.04305556,1
0,0,0,0,0.104,0.1768707,0,0,0,0,0,0,0,0,0,0.3125,0,0,0.2218667,0,0,0,0,0,0,0,0,0,0,0,0,0,0,0,0,0,0,0,0,0,0,0,0,0,0,0,0,0,0,0,0,0.1710389,0,0,0.002065365,0.001301562,0.005934343,0
0,0,0,0,0,0,0,0,0,0.07480748,0,0,0,0,0.3083901,0,0,0,0,0,0,0,0,0,0.06529045,0.08163265,0,0,0,0,0,0,0.07480748,0,0,0,0.1973875,0,0,0,0,0,0.3809524,0,0,0,0,0,0,0.0414274,0.04949768,0,0,0,0.002299591,0.001601922,0.003282828,1
0.1497797,0,0.2,0,0,0,0,0,0,0,0,0,0,0,0,0,0,0,0.07253333,0,0,0,0,0,0.01632261,0.02040816,0.02040204,0.03740374,0,0.05782313,0,0,0,0,0.017,0,0,0,0.03060306,0,0.04761905,0,0,0,0.04761904,0.0154195,0,0,0,0.01763741,0,0.01191576,0,0,0.0004539265,0.001401682,0.005239899,1
0,0.09243698,0.1098039,0,0,0.1598639,0,0.01620162,0.07034221,0.04125413,0,0.2140641,0,0,0,0,0.05182073,0,0.1306667,0,0.08460847,0,0,0.0144,0,0,0.00540054,0,0,0,0,0,0,0,0,0,0,0,0,0,0,0,0,0,0,0,0,0,0,0.008203445,0,0.007451198,0.01782442,0,0.001473445,0.003404085,0.01534091,0
0,0.01540616,0.04313726,0,0,0,0,0,0.04182509,0.1512651,0,0.07032058,0,0,0.154195,0.0225,0,0.1507151,0.1098667,0,0.3708371,0,0.08256881,0.0176,0,0,0,0,0,0,0,0,0,0,0,0.02860858,0,0,0,0,0,0,0,0,0,0,0,0,0.006385405,0.01168991,0,0.02829608,0.03814759,0.001412073,0.003126645,0.01371646,0.02518939,0
0,0.0105042,0.05882353,0,0.015,0,0,0,0,0,0,0.1427094,0.02702703,0,0,0,0.0210084,0,0.1386667,0,0.1512151,0,0.02752294,0,0,0,0,0,0,0,0,0,0.02530253,0,0,0,0.04354137,0,0,0,0,0,0,0,0.02847806,0.1319728,0,0,0.005245154,0.009536506,0,0.002124515,0,0,0.0009532456,0.002202643,0.02051768,1
0,0,0,0,0,0,0,0,0,0.01980198,0,0,0,0,0,0,0,0,0.1349333,0,0,0,0,0,0,0,0,0,0,0,0,0,0,0,0,0,0,0,0,0,0,0,0,0,0.01680672,0,0,0,0,0.006050041,0,0.003633229,0,0,0.0002787109,0.0006007209,0.004229798,0
0,0,0,0,0.128,0,0,0,0.243346,0,0,0,0,0.128,0,0,0,0,0.06826667,0,0,0,0,0,0.1228997,0.07683073,0.03840384,0.1408141,0.08963586,0.2176871,0.1024,0.2689075,0,0.2689075,0.064,0.1664499,0,0,0,0.2689075,0,0,0,0,0,0,0,0,0,0.04081214,0,0,0,0,0.001098502,0.001001201,0.002588384,1
0,0.0245098,0.06862745,0,0,0.05952381,0,0,0,0.01925192,0,0.07342295,0,0,0,0,0,0,0.1909333,0,0.09630964,0,0,0,0,0,0,0,0.0245098,0,0,0,0,0,0,0,0,0,0.03150315,0,0,0,0,0,0,0,0,0,0,0.01230517,0.01470228,0,0,0,0.0007144802,0.001001201,0.007386364,1
0,0,0,0,0,0,0,0,0,0,0,0.08893485,0.154955,0,0,0,0,0,0,0,0,0,0,0,0.1665867,0,0,0,0,0,0,0,0,0,0,0,0.1248186,0,0,0,0,0,0,0,0,0,0,0,0,0,0,0,0,0,0.001200182,0.001001201,0.004482323,1
0.09471366,0,0,0,0.087,0.1479592,0,0,0,0.02365237,0,0.2254395,0,0,0,0,0.2436975,0,0.0464,0,0.07830784,0,0,0.0344,0,0,0,0,0,0,0,0,0,0,0,0.05591678,0,0,0,0,0,0,0,0,0,0,0,0,0,0,0,0.02570971,0,0,0.003734907,0.01061274,0.01123737,0
0.03744493,0,0.03333334,0.01027797,0.017,0,0,0,0,0,0,0.03619441,0.09369369,0.017,0,0.004,0.07282913,0,0.2154667,0,0.2376238,0.07192983,0,0,0,0,0,0,0,0,0,0,0,0,0,0,0.02467344,0,0,0,0,0,0,0,0,0,0,0,0.1616876,0.01076702,0,0,0,0,0.0009432592,0.001702042,0.02607323,0
0,0,0,0,0,0,0,0.07470747,0,0,0,0,0,0,0,0,0,0,0,0,0,0,0,0,0.03984638,0.02460984,0,0.04510451,0.02871148,0,0,0,0,0,0.0205,0.05331599,0.05950653,0,0,0,0,0,0,0,0,0,0,0,0,0.01620181,0,0,0,0,0.0008797095,0.001201442,0.008143939,1
0,0,0,0,0,0,0,0,0,0,0,0,0,0.119,0,0,0,0.1309131,0.06346667,0,0,0,0,0,0,0,0,0,0,0,0,0,0,0,0,0,0,0,0,0,0,0.1666667,0,0,0,0,0,0,0,0.02255948,0,0,0,0,0.000907853,0.001101322,0.002083333,1
0,0,0,0,0,0,0,0,0,0,0,0,0,0,0,0,0,0,0.1776,0,0,0,0,0,0.07969275,0,0,0,0,0,0,0,0,0,0,0,0.2409289,0,0,0,0,0,0,0,0,0.2267574,0,0,0,0.05680886,0,0,0,0,0.001174762,0.001401682,0.00239899,1
0.004405286,0,0.02941177,0,0.024,0.05272109,0,0.00360036,0.04182509,0,0.007662836,0.008273009,0,0,0.004535147,0,0,0.00220022,0.004266667,0,0.00540054,0,0,0,0.02112338,0.02821128,0.00060006,0,0,0,0,0,0.006050605,0,0,0,0,0.00240096,0,0,0,0.00140056,0,0,0,0,0,0,0.04218928,0.01538146,0.01078167,0,0.0009995003,0,0.001668634,0.005106127,0.1311237,1
0,0,0,0,0,0,0,0,0,0,0,0.07859359,0,0,0,0,0,0.08360836,0.08106667,0,0,0,0,0,0,0,0,0,0,0,0,0,0,0,0,0,0,0,0,0,0,0,0,0,0,0,0,0,0,0.01363823,0,0.00819016,0,0,0,0,0.001388889,1
0,0,0.154902,0,0.026,0,0.03576341,0.02340234,0,0,0,0.1354705,0,0,0,0,0,0.02860286,0.08426667,0,0.04680468,0,0,0,0,0,0,0,0,0,0,0,0,0,0,0.06762028,0.03773585,0,0,0.05462185,0,0,0,0,0,0,0,0.026,0.008665905,0.003896636,0,0.002370836,0,0,0.0007262823,0.002803364,0.01073232,0
0.03964758,0.009803922,0.04901961,0,0,0,0,0.006300631,0,0.00770077,0.01149425,0.07962772,0.01261261,0.003,0,0,0.004201681,0.01980198,0.005866667,0,0.02250225,0.004093567,0,0,0,0,0,0,0.00210084,0.01870748,0,0,0.001650165,0,0,0.04811443,0.08998549,0,0,0,0.02521009,0,0.008403362,0,0,0.009977325,0,0.018,0.004332953,0.04245283,0,0.0001231603,0,0,0.001264639,0.003904686,0.1132576,1
0.2731278,0.02871148,0.2431373,0,0,0,0,0,0,0,0,0.04239917,0,0,0,0.0205,0,0.09020902,0.1989333,0,0.1116112,0,0,0.0328,0,0,0,0,0,0,0,0,0,0,0,0,0,0,0,0,0,0,0,0,0.01914099,0,0,0,0,0.006665299,0,0.01419422,0.08778945,0,0.001966409,0.001802163,0.007133838,0
0,0,0,0,0.19,0,0.130674,0,0,0.05225522,0,0.09824198,0,0,0,0,0,0,0.3045333,0.2090209,0.2565257,0,0,0,0,0,0,0,0,0,0,0,0,0,0,0,0,0,0,0,0,0,0,0,0,0,0,0,0,0,0,0.004526141,0,0,0.0003631412,0.0005006007,0.001262626,0
0,0,0,0,0.059,0,0,0,0,0,0,0.06101344,0,0,0,0,0,0,0,0,0,0,0,0,0.08593374,0.08943578,0,0.06490649,0,0.1513605,0,0,0,0,0.0145,0,0,0,0,0,0,0,0,0.0145,0,0,0,0,0,0.01445857,0,0,0,0,0.000789832,0.002302763,0.01092172,1
0.215859,0.01120448,0.08039216,0,0.007999999,0.04081633,0,0.00720072,0,0.0269527,0.03065134,0.05894519,0.1621622,0,0.03628118,0,0,0.03520352,0.1312,0,0.1026103,0,0.08990826,0.0912,0,0,0,0,0,0,0,0,0,0,0,0,0,0,0,0,0,0,0,0,0,0,0,0,0,0.009741591,0,0.02312334,0.04247876,0.004790963,0.002871539,0.008309972,0.04488636,0
0,0,0,0,0,0,0,0,0,0.05940594,0,0,0,0,0,0.163,0,0,0.2896,0,0,0,0,0,0,0,0,0,0,0,0,0,0,0,0,0,0,0,0,0,0,0,0,0,0,0,0,0,0,0,0,0.06626023,0,0,0.003822061,0.003504205,0.006186869,0
0.07048458,0,0.1254902,0,0.032,0.05442177,0,0.1449145,0.0608365,0.03520352,0.1226054,0.06618407,0,0,0,0,0.2254902,0,0.06879999,0.1419142,0.3186319,0,0,0,0,0,0,0,0,0,0,0,0,0,0,0,0,0,0,0.06722689,0,0,0,0,0,0,0,0,0,0.01640689,0,0.0362707,0.01782442,0,0.00237222,0.006207449,0.02001263,0
