0.504406,0.5413882,0.6861519,0.3596835,0.4704061,0.5508072,0.4501635,0.5452073,0.4268284,0.3895203,0.5688495,0.6254053,0.7662049,0.5598996,0.5871959,0.487951,0.2593109,0.3706138,0.5588855,0.7027667,0
0.5686721,0.6172664,0.5130662,0.5810831,0.3689836,0.5073417,0.5818996,0.6757308,0.5341831,0.4718708,0.5369396,0.5764838,0.6076006,0.5929546,0.5028544,0.4782547,0.5090668,0.5275615,0.6759789,0.5480521,1
0.3369037,0.586972,0.32623,0.4837398,0.6515073,0.1960698,0.5302147,0.6153788,0.4981256,0.6719565,0.5169542,0.2180319,0.5970072,0.3887871,0.6207014,0.5147583,0.5007672,0.6880184,0.7139307,0.5087463,0
0.5132938,0.3902006,0.4782665,0.5012341,0.5152945,0.4735919,0.6501493,0.5226225,0.6258605,0.6798199,0.4763174,0.3904554,0.5357434,0.8196566,0.4230665,0.09881648,0.5116473,0.6560546,0.4861446,0.1063489,0
0.4703737,0.5901721,0.4834799,0.5264227,0.7382619,0.5122361,0.5843168,0.5282876,0.6558517,0.700479,0.535474,0.424362,0.6347137,0.5821625,0.4897377,0.455939,0.5150648,0.5565267,0.6636295,0.4341766,1
0.5441355,0.5442327,0.3298794,0.3914779,0.5584875,0.8560158,0.3535476,0.540071,0.4470724,0.6026164,0.5402704,0.3822783,0.4300319,0.3463653,0.3150061,0.5325111,0.6127772,0.2641317,0.5585843,0.5076312,0
0.3849894,0.4930309,0.5401108,0.7320703,0.7813813,0.6618453,0.4601166,0.5355389,0.3671188,0.3763672,0.5761108,0.5307345,0.5676717,0.605172,0.6589643,0.461001,0.6694797,0.6290672,0.4833584,0.8477246,0
0.5358554,0.5407481,0.5358749,0.5138647,0.5873811,0.4629995,0.5647661,0.6094871,0.6809352,0.4227608,0.3542735,0.4503031,0.5627824,0.5753071,0.4543292,0.3393697,0.5189008,0.5509762,0.5353916,0.6567008,1
0.5673048,0.5132983,0.4614532,0.5462399,0.4942139,0.5464242,0.5505474,0.6941612,0.5239588,0.4674387,0.5276131,0.4309178,0.5581895,0.5339035,0.5305151,0.4869528,0.5059981,0.5595891,0.6167921,0.4724371,1
0.6036919,0.4506471,0.5047247,0.4602933,0.5240657,0.5306451,0.4781032,0.5986102,0.4906959,0.5753807,0.526747,0.5855069,0.599674,0.5141519,0.5454669,0.6130044,0.6018971,0.666454,0.6263554,0.4519479,1
0.5533273,0.5986346,0.5058325,0.6703687,0.6554876,0.5112864,0.5203327,0.6221769,0.5326836,0.5656587,0.5573912,0.6480333,0.44507,0.4340596,0.5074759,0.5880508,0.5843214,0.6795968,0.807003,0.6094502,1
0.3838499,0.7041672,0.6437927,0.4818525,0.5208963,0.4961648,0.2798237,0.2957172,0.4436644,0.5419258,0.8511092,0.8156633,0.6658271,0.4686079,0.563341,0.4675602,0.3215232,0.6253669,0.6356928,0.7889051,0
0.7575205,0.4547717,0.3925057,0.5211963,0.5852436,0.5270655,0.6325181,0.5699826,0.350351,0.3321181,0.5174205,0.6445087,0.5252241,0.6739293,0.6637896,0.6594182,0.4206305,0.6547786,0.6887048,0.6410203,0
0.7511395,0.5332101,0.5156729,0.4934669,0.6244564,0.6026006,0.6471634,0.5822192,0.6729603,0.5342769,0.4842449,0.5585084,0.5225572,0.5835879,0.4973495,0.4132326,0.5489608,0.5399387,0.5766566,0.684647,1
0.5745974,0.9085479,0.5430433,0.2481127,0.5234761,0.4286653,0.4471065,0.6054838,0.4866062,0.2783616,0.4164279,0.4500211,0.5477443,0.6927306,0.5240587,0.5545416,0.376761,0.5600995,0.6137801,0.4520873,0
0.6042237,0.493102,0.4606712,0.5512486,0.5784624,0.401198,0.5317076,0.4794169,0.4643174,0.5094717,0.5988941,0.6287184,0.5779687,0.5110976,0.5660595,0.5350064,0.5668154,0.5775169,0.6447289,0.4442121,1
0.5224856,0.5691935,0.6404692,0.6091754,0.5849488,0.6093944,0.5629176,0.5680187,0.5833277,0.4843091,0.5659183,0.553574,0.6156752,0.5197855,0.5857007,0.4152289,0.4414144,0.487559,0.5543675,0.4440031,1
0.4105895,0.4427535,0.4218312,0.1577381,0.5385126,0.5086566,0.5619224,0.4462573,0.1371413,0.6134105,0.4604623,0.5685887,0.5531521,0.3847146,0.4689412,0.4761871,0.4910727,0.5907235,0.3783886,0.4684647,0
0.5242327,0.3900583,0.5311828,0.5413763,0.750129,0.2525385,0.2394426,0.6315432,0.4433917,0.2069483,0.5599227,0.4855491,0.3879547,0.6169144,0.5035341,0.559461,0.8017855,0.2648973,0.6858433,0.4199596,0
0.7000152,0.7060874,0.4337569,0.4480256,0.3934547,0.5683395,0.5505474,0.4931641,0.351169,0.37458,0.6192126,0.3645848,0.533521,0.6750832,0.2574419,0.4925139,0.4386944,0.7007146,0.5408885,0.3400934,0
0.5300061,0.5205519,0.4952753,0.4880227,0.56291,0.3309957,0.289919,0.543319,0.485243,0.475445,0.5777097,0.7171155,0.3689162,0.5901717,0.1832269,0.2896763,0.172688,0.4544469,0.303991,0.5109067,0
0.5483136,0.5351301,0.505637,0.534698,0.5821478,0.5890131,0.5448599,0.5359166,0.4206257,0.531489,0.4784491,0.5258001,0.5561894,0.5027489,0.3792307,0.5022102,0.6470916,0.4978946,0.6506777,0.497526,1
0.6132634,0.5135827,0.6130335,0.4989111,0.5606987,0.5201987,0.6546993,0.6770904,0.4933542,0.6422904,0.5729798,0.5019737,0.5658938,0.5704201,0.5241947,0.5385712,0.569117,0.6414444,0.6183735,0.4658861,1
0.5599362,0.46999,0.6029977,0.6779907,0.5789784,0.2598437,0.5471349,0.7032253,0.5855088,0.6340696,0.5703151,0.3545044,0.6193051,0.5642436,0.507272,0.5202481,0.2607058,0.5139084,0.5978163,0.4728552,0
0.3299909,0.7057317,0.4432063,0.5505226,0.7503501,0.7573234,0.4677236,0.7164438,0.4660896,0.477947,0.5355406,0.5353165,0.5561894,0.3712075,0.5065923,0.4329103,0.6994699,0.483093,0.6815512,0.5596906,0
0.5027347,0.4501493,0.4834148,0.6300087,0.5344586,0.5472277,0.5573013,0.5446786,0.4920592,0.4853099,0.5988275,0.3657832,0.4166234,0.5643793,0.5070001,0.6460859,0.4359743,0.549126,0.5470632,0.5088159,1
0.5822698,0.5290143,0.4996416,0.5254791,0.5105034,0.5215867,0.6578274,0.5284387,0.5603572,0.5123311,0.6455932,0.486536,0.641529,0.5882034,0.5005437,0.5630258,0.4543869,0.624984,0.7343373,0.4806607,1
0.5496809,0.3950363,0.7671554,0.2442654,0.6512125,0.6338666,0.3780748,0.5262482,0.5579033,0.6400744,0.502698,0.5033131,0.4420328,0.3384918,0.1820715,0.3195494,0.6461152,0.5662881,0.7675452,0.286222,0
0.4965056,0.5792206,0.5648745,0.4492596,0.4207268,0.2112645,0.4232191,0.4696729,0.4327585,0.3498463,0.6671774,0.6125758,0.5765612,0.7645422,0.6251869,0.5819193,0.6464639,0.4492153,0.5579819,0.5486794,0
0.5523397,0.5313611,0.6282176,0.4823606,0.3546842,0.5126014,0.4786009,0.6411361,0.5279804,0.4902423,0.6489908,0.5733117,0.5380399,0.6541777,0.4803588,0.6713247,0.5145069,0.5654587,0.7314006,0.4700676,1
0.5335764,0.6330536,0.5084392,0.4859901,0.5163264,0.5483965,0.5986066,0.5344059,0.4793811,0.512903,0.6147492,0.4101227,0.461812,0.5501255,0.5736713,0.6029516,0.5147859,0.6282378,0.4996988,0.4640742,1
0.6505622,0.4746124,0.5836429,0.4954268,0.5760301,0.5394112,0.5239585,0.6056349,0.5718765,0.5285581,0.5198854,0.5233328,0.6159716,0.4374533,0.5568846,0.5130472,0.5390571,0.642848,0.7121235,0.4667921,1
0.5828016,0.4697767,0.4420332,0.22982,0.6284366,0.6148732,0.6779468,0.8734798,0.4041988,0.5544356,0.3963094,0.5916396,0.5435959,0.3214552,0.3209868,0.7260088,0.3744595,0.5828761,0.3245482,0.5893791,0
0.5230173,0.5574598,0.5766699,0.4965157,0.6258569,0.5572357,0.5542443,0.5946824,0.4737237,0.5216956,0.638132,0.4506556,0.5630047,0.6091088,0.5345929,0.4722658,0.5013251,0.5669899,0.664006,0.5640115,1
0.5761167,0.5677002,0.4774193,0.4805459,0.3846834,0.594638,0.3010806,0.4422539,0.3571672,0.4515691,0.5383385,0.4278866,0.6277502,0.4453268,0.2147615,0.4823186,0.287697,0.5980605,0.6145331,0.4533417,0
0.4497873,0.4653676,0.5167155,0.4782956,0.5309206,0.5157425,0.6234182,0.5196767,0.5370459,0.6218457,0.4356805,0.5879741,0.5682643,0.6494943,0.5734674,0.5815628,0.4098201,0.5069542,0.5295181,0.4278347,1
0.3791401,0.4738302,0.4979472,0.5545151,0.5233287,0.6385419,0.5651926,0.5242088,0.5566083,0.6344985,0.4258211,0.4662343,0.5001852,0.495147,0.6742558,0.6236988,0.5078114,0.6459104,0.6174699,0.5132065,1
0.5071407,0.6296402,0.5441512,0.4777875,0.5172846,0.6438016,0.5255225,0.5156734,0.4252607,0.4621488,0.5703817,0.3843931,0.5536706,0.5461888,0.5478456,0.5336518,0.5509136,0.6094168,0.6461596,0.5037982,1
0.430948,0.5948656,0.4368198,0.7304733,0.4857374,0.5456206,0.8339258,0.5188459,0.6144775,0.3590678,0.4815802,0.6839137,0.5810801,0.4466164,0.4748539,0.5215315,0.5039755,0.5965293,0.7074548,0.3677608,0
0.75,0.6486986,0.5505376,0.6509872,0.4796934,0.5050771,0.3908005,0.4550193,0.2780997,0.5421402,0.588102,0.5679543,0.4074376,0.4967081,0.3366182,0.427777,0.6894267,0.5844073,0.4390813,0.4518085,0
0.5161805,0.5313611,0.4878462,0.4291522,0.5071865,0.6953028,0.6229916,0.4046378,0.3489878,0.6831796,0.3921125,0.4588327,0.5593747,0.5285414,0.7316841,0.555611,0.258753,0.4692484,0.5723644,0.733849,0
0.5242327,0.4998578,0.6073639,0.3947445,0.46134,0.50778,0.58908,0.6055593,0.06168632,0.6178426,0.3967091,0.535951,0.5553744,0.441458,0.6039826,0.4896621,0.4007532,0.5780911,0.6035392,0.4346644,0
0.6580067,0.6503342,0.4886282,0.508493,0.4734282,0.6581197,0.5152851,0.5248131,0.5625383,0.5185503,0.4336154,0.4082898,0.7492407,0.5536551,0.6429251,0.5121204,0.5875297,0.5579304,0.5765813,0.4178689,1
0.5359313,0.5111648,0.7120886,0.4952091,0.4556645,0.5079991,0.5166358,0.4681622,0.1704042,0.657874,0.4468057,0.531369,0.6349359,0.5274554,0.5498165,0.6568516,0.4949086,0.4795202,0.6948795,0.4237926,0
0.3318141,0.5424548,0.5291626,0.5607578,0.3589592,0.6063262,0.5963316,0.5233024,0.4086293,0.517478,0.4980348,0.7383336,0.6090081,0.5384511,0.5301753,0.5074148,0.5996652,0.6517162,0.4795934,0.2806467,0
0.5241568,0.5408192,0.5762789,0.551176,0.7202035,0.4619768,0.4644533,0.5969484,0.4915139,0.5386375,0.6569183,0.6254053,0.5232239,0.5896966,0.4970097,0.4692714,0.5039755,0.5648207,0.6226656,0.5572514,1
0.3999544,0.5104537,0.3223851,0.6626742,0.5262033,0.2963693,0.5344092,0.6903844,0.4718151,0.5464293,0.5074945,0.6671366,0.6515297,0.8820335,0.2877532,0.5081277,0.2648905,0.4254817,0.5910392,0.3831626,0
0.5363871,0.4358555,0.5136527,0.4466463,0.5732291,0.6156768,0.5922081,0.4837979,0.4770636,0.4071056,0.5048964,0.5312985,0.4924068,0.5375009,0.4096099,0.6625553,0.6247036,0.5553783,0.5858434,0.4474876,1
0.4216803,0.5118049,0.5373737,0.4046167,0.5578241,0.620206,0.6503626,0.5888662,0.4477541,0.5442848,0.7196056,0.5238968,0.5733758,0.5985882,0.610507,0.5233138,0.6086623,0.5741993,0.5399097,0.4109694,1
0.6747949,0.5886787,0.4934506,0.4569541,0.639714,0.5457667,0.5577989,0.6201375,0.5246404,0.6576596,0.5873693,0.5643592,0.5573746,0.7137039,0.5196412,0.500713,0.5043242,0.6369784,0.6378012,0.476758,1
0.5460346,0.4365666,0.6142066,0.5305604,0.4428392,0.4845496,0.4688611,0.4923333,0.5352737,0.5590822,0.4864433,0.5707035,0.5311505,0.5739496,0.5704771,0.5838443,0.5875994,0.5289013,0.6330572,0.6144679,1
0.5148891,0.462452,0.5038775,0.497532,0.5062283,0.5264811,0.6023034,0.5770074,0.5031695,0.5589392,0.4216908,0.5751445,0.5712275,0.5511437,0.5521952,0.6106517,0.5248989,0.5655863,0.5780873,0.4672103,1
0.5587208,0.5088181,0.4989247,0.4761179,0.7056092,0.583169,0.6997014,0.6043508,0.4192625,0.4229752,0.5961628,0.6343578,0.5554485,0.4865268,0.5812832,0.635534,0.4621286,0.4943856,0.560994,0.5273538,1
0.4231237,0.4563362,0.5616162,0.526205,0.4930346,0.6462854,0.4386464,0.564091,0.7206053,0.4141826,0.6475918,0.3265191,0.5062597,0.4005294,0.2413348,0.4358335,0.7995536,0.637425,0.6156626,0.2262179,0
0.7397448,0.4399801,0.6230043,0.5083479,0.7468121,0.4464899,0.6145315,0.7151598,0.2724422,0.517764,0.4213577,0.6125053,0.5016668,0.472884,0.483689,0.5804934,0.5215511,0.672834,0.7125,0.5742561,0
0.3732148,0.5566065,0.630694,0.3212834,0.6587307,0.6746293,0.7464098,0.8471939,0.4543658,0.5309172,0.6769036,0.3693078,0.4814431,0.42734,0.4993883,0.6331099,0.6740829,0.5784739,0.6549699,0.5922364,0
0.5652537,0.5847675,0.5030303,0.4015679,0.5881183,0.61743,0.5803356,0.7891835,0.2512439,0.4251912,0.3855839,0.6562104,0.4066968,0.5157809,0.6951883,0.3991159,0.6671084,0.5916167,0.3435994,0.6361419,0
0.4955181,0.4916086,0.4953405,0.576655,0.6229085,0.5133319,0.5627044,0.5220183,0.4954672,0.514976,0.624542,0.6546595,0.4464775,0.522229,0.5134566,0.5174676,0.5540522,0.500319,0.7268072,0.4886055,1
0.5314494,0.4814394,0.5221896,0.435903,0.6670598,0.5668785,0.4128395,0.506005,0.4742008,0.5146901,0.6542535,0.601861,0.5254464,0.4693545,0.5840696,0.5151148,0.5996652,0.5094424,0.5217621,0.5528609,1
0.4811607,0.5193429,0.4865429,0.5186557,0.6134739,0.6166995,0.5533201,0.5498149,0.4579102,0.5718064,0.540004,0.6292824,0.472109,0.4591054,0.4081147,0.5091972,0.4619891,0.6249202,0.5215362,0.453272,1
0.7296414,0.5204808,0.4911698,0.4928862,0.6652908,0.541968,0.4653775,0.5366719,0.5767841,0.5473586,0.5199521,0.4967574,0.5500407,0.4965723,0.5364959,0.4962213,0.5662575,0.5603547,0.4704066,0.5385741,1
0.4558645,0.4847817,0.1964809,0.6299361,0.5011425,0.5138432,0.5895777,0.306141,0.5083498,0.3459861,0.7118779,0.4802622,0.6821987,0.5426593,0.5279326,0.5206046,0.3819919,0.6965038,0.7247741,0.4451181,0
0.51299,0.4746124,0.5928316,0.5216318,0.6102307,0.5543137,0.7459832,0.5133318,0.5309113,0.527057,0.465059,0.530946,0.5383362,0.5333605,0.4991165,0.6611294,0.51367,0.5986985,0.5646837,0.6130741,1
0.7206016,0.4066278,0.3348974,0.4043989,0.4048058,0.4985755,0.7944689,0.5362188,0.777384,0.4734434,0.4186263,0.4970393,0.4878139,0.247811,0.351366,0.4431057,0.6235179,0.6822126,0.6793675,0.4526448,0
0.5353996,0.5635756,0.504464,0.5170587,0.6392717,0.4689897,0.5459263,0.4830425,0.4222616,0.6882551,0.6048231,0.5200902,0.5255945,0.4779067,0.5772054,0.4977898,0.6489748,0.6419548,0.6684488,0.4601714,1
0.4197812,0.4225572,0.4690779,0.3458188,0.5637208,0.5397764,0.538817,0.7537578,0.5191875,0.5449997,0.5007661,0.345411,0.6125639,0.4397611,0.3290064,0.4344075,0.556005,0.6373612,0.441491,0.6234581,0
0.562519,0.493742,0.5014663,0.9962253,0.7557308,0.4661407,0.5302858,0.3123348,0.7538,0.5261277,0.4827127,0.5090935,0.4101785,0.5799226,0.4997281,0.5970341,0.4349979,0.7020544,0.5978163,0.3464353,0
0.5812823,0.6197554,0.54174,0.5474012,0.6417779,0.458032,0.614958,0.4531309,0.5515643,0.5467868,0.5690494,0.5232624,0.5304837,0.5572524,0.5044855,0.5851989,0.6447901,0.5701799,0.665512,0.5715381,1
0.53464,0.4277485,0.5478006,0.5431185,0.5312892,0.3955,0.5521826,0.5131052,0.5317974,0.4850954,0.4761175,0.6624842,0.5178161,0.5768004,0.5577681,0.5919008,0.4513182,0.5507209,0.4448795,0.5450554,1
0.6678821,0.5073247,0.5010753,0.5367305,0.5136729,0.5056615,0.5435092,0.4575119,0.5664235,0.5767389,0.5164213,0.5592133,0.6262686,0.5773434,0.338793,0.5051333,0.5165295,0.5905321,0.5656626,0.4265106,1
0.2617745,0.5059735,0.3552949,0.3871951,0.4699639,0.5873329,0.4366558,0.6014805,0.7127667,0.6116949,0.6393978,0.6098971,0.3628417,0.643725,0.5751665,0.4925852,0.7676105,0.5301774,0.4070783,0.3539619,0
0.245594,0.4513583,0.1598566,0.5131388,0.6335225,0.5197604,0.5789137,0.5360677,0.3270397,0.5679463,0.5556592,0.4894262,0.4137343,0.4389466,0.385891,0.4240696,0.6815456,0.7120709,0.4848644,0.7396334,0
0.6801124,0.6260134,0.715738,0.3074187,0.4628142,0.4895171,0.5455709,0.3454944,0.5296162,0.5101866,0.551329,0.5210066,0.5310023,0.4431548,0.4971456,0.4408242,0.5172269,0.786334,0.5480422,0.6055474,0
0.6505622,0.4532072,0.5117628,0.5597416,0.5780939,0.6161882,0.4701408,0.659642,0.565742,0.4810208,0.5368063,0.5782462,0.563301,0.4716623,0.5612342,0.5747897,0.4157484,0.5726681,0.6339608,0.4258833,1
0.6578547,0.5553264,0.5407625,0.5399971,0.5562763,0.5611075,0.4107777,0.4870459,0.642083,0.5173351,0.5765105,0.4900606,0.5503371,0.4266612,0.5840696,0.4637102,0.4880736,0.5965931,0.6829819,0.4138267,1
0.6846703,0.5923766,0.6352558,0.5094367,0.6139898,0.3837388,0.3803498,0.4383262,0.3523959,0.4641504,0.7626407,0.5707035,0.4733684,0.3545782,0.6554981,0.5247397,0.4278142,0.6873166,0.5706325,0.4644226,0
0.5617594,0.5585976,0.5159335,0.4662457,0.5325422,0.5904011,0.5812598,0.5282121,0.5452253,0.6386446,0.6751049,0.5256591,0.624787,0.4447838,0.4563681,0.5372879,0.5249686,0.7150058,0.7027109,0.5152276,1
0.5935886,0.5726781,0.4339524,0.4608014,0.4457876,0.3493316,0.558652,0.6513332,0.5357508,0.5371363,0.262341,0.4008177,0.72435,0.3604154,0.6995379,0.4850278,0.4743339,0.6263238,0.7210844,0.3623946,0
0.4117289,0.483075,0.5038123,0.6405343,0.4938454,0.567536,0.5407366,0.3897575,0.5280485,0.522339,0.1789355,0.7416467,0.5924883,0.7384782,0.4138915,0.4983602,0.5675827,0.6550338,0.2987952,0.4845634,0
0.4596627,0.5080358,0.6020202,0.2500726,0.4066485,0.509241,0.2262193,0.411738,0.4681344,0.4064622,0.3376857,0.3963767,0.6510112,0.4987443,0.7919669,0.3645373,0.7971126,0.5345796,0.5155873,0.3294306,0
0.5487694,0.5053335,0.3032258,0.6585366,0.4546326,0.5564322,0.5523248,0.5554045,0.4994206,0.5594395,0.4335487,0.6887072,0.4455886,0.5203964,0.5155634,0.4989305,0.3802483,0.523287,0.7651355,0.7171232,0
0.5576572,0.652681,0.5228413,0.4859175,0.5679958,0.4646066,0.5458552,0.6115265,0.5555177,0.4846665,0.5576577,0.6442267,0.5626343,0.4989479,0.4070953,0.5121204,0.5134608,0.6437413,0.5429217,0.4695101,1
0.6606655,0.4606742,0.6079504,0.4139082,0.1616422,0.6027467,0.6837054,0.5328197,0.4361666,0.3638573,0.5907001,0.4252785,0.436699,0.5015951,0.7679081,0.49615,0.6627145,0.6516524,0.7635542,0.3704788,0
0.4968854,0.6509032,0.4630173,0.470964,0.610157,0.5581123,0.5596474,0.5094041,0.5597437,0.5101151,0.7138765,0.5671789,0.5413734,0.5632933,0.6832948,0.6404535,0.5852281,0.5366212,0.5690512,0.481497,1
0.5910058,0.4591097,0.6033887,0.399971,0.6451684,0.403974,0.6367837,0.5223204,0.6016632,0.4294803,0.1779362,0.4996475,0.5858212,0.7621666,0.6873726,0.3447883,0.4296276,0.6684318,0.2869729,0.3453202,0
0.5222577,0.7604182,0.3179537,0.612079,0.652097,0.5429177,0.6800796,0.5176373,0.4427783,0.7008364,0.517354,0.7556041,0.2283132,0.4728161,0.3038603,0.4508056,0.4832613,0.5506572,0.621762,0.4818454,0
0.6394713,0.5180629,0.6028674,0.4944106,0.5105034,0.4363357,0.5618513,0.5518544,0.4844932,0.5595111,0.6046899,0.5862117,0.5118157,0.53146,0.4433872,0.5608869,0.5988981,0.5620773,0.6291416,0.5092341,1
0.3028715,0.6831887,0.7194526,0.4914344,0.3712685,0.4432026,0.5142898,0.5560088,0.4029719,0.3672171,0.5014989,0.1828563,0.5194459,0.1573339,0.5294278,0.9171538,0.5835542,0.5588235,0.5755271,0.2951425,0
0.6071863,0.5076803,0.5713261,0.53027,0.5581189,0.5659289,0.5625622,0.526777,0.5444073,0.5497177,0.5315436,0.455308,0.6981999,0.5081111,0.5300394,0.5501925,0.3800391,0.5675003,0.4667169,0.5563454,1
0.5816621,0.5140805,0.4503747,0.5053717,0.5360065,0.4920009,0.6411915,0.5877332,0.594438,0.6515834,0.54087,0.5362329,0.5206311,0.5098079,0.4991165,0.5176101,0.4935835,0.5696695,0.6707832,0.5198272,1
0.6117442,0.5152894,0.5132617,0.6569396,0.5627626,0.5158156,0.5686051,0.521414,0.4545021,0.6001144,0.5136899,0.5954462,0.5610786,0.5186316,0.5828463,0.5456296,0.4601758,0.5833865,0.6588855,0.5141125,1
0.5497569,0.4250462,0.420984,0.5756388,0.7118007,0.4632186,0.277762,0.7712063,0.3836139,0.697691,0.5226834,0.8953898,0.6194533,0.2752325,0.6644692,0.5687295,0.4695216,0.483412,0.759262,0.5697958,0
0.6640079,0.5605888,0.5117628,0.3728223,0.5681433,0.4845496,0.5278686,0.473072,0.5583123,0.3579241,0.5942309,0.491259,0.4328469,0.3703251,0.3214625,0.4929417,0.4394616,0.7381651,0.6109187,0.4288801,0
0.4210726,0.5022045,0.5088954,0.7227061,0.5380703,0.4135437,0.5480592,0.6535992,0.5902801,0.498749,0.6186796,0.596997,0.475813,0.6279101,0.57605,0.464138,0.5226671,0.5569733,0.5790663,0.539968,1
0.5170161,0.5059024,0.5199088,0.5067509,0.423454,0.4632186,0.5832504,0.5361432,0.3817054,0.6141254,0.5593232,0.6186381,0.6010075,0.5653296,0.6383716,0.5407101,0.6343981,0.6711752,0.6158885,0.4746672,1
0.676694,0.2673873,0.3811013,0.484248,0.267045,0.6142889,0.4744775,0.393081,0.5009884,0.4406319,0.4935048,0.3620471,0.6680495,0.5859635,0.4972135,0.222444,0.384712,0.5239249,0.6669428,0.393686,0
0.5978426,0.5130849,0.50681,0.569759,0.6919731,0.5261889,0.5579411,0.6841906,0.4609093,0.6019015,0.4867764,0.6442267,0.5147789,0.5556234,0.5403017,0.6174248,0.4460176,0.53828,0.5746988,0.4463029,1
0.3932695,0.4465936,0.4189638,0.5312137,0.5436721,0.4929506,0.2084459,0.4969409,0.4425056,0.6565158,0.5407368,0.6394333,0.6427884,0.5103509,0.3899687,0.5221018,0.7185103,0.6722598,0.7286897,0.4744582,0
0.4153753,0.5190585,0.4703812,0.5211963,0.4791037,0.56476,0.6883265,0.5798776,0.3752982,0.6126957,0.4210246,0.5175525,0.7218313,0.496233,0.481854,0.4464566,0.4863998,0.5592063,0.6739458,0.58464,1
0.5174719,0.4861328,0.6434017,0.569759,0.5123461,0.5909855,0.5534623,0.6392477,0.4875605,0.5559368,0.6685098,0.5364444,0.6418994,0.5096722,0.5318065,0.5978183,0.5033478,0.5449151,0.6841868,0.5410133,1
0.5975388,0.4741857,0.4821114,0.4769164,0.578831,0.5412375,0.5165648,0.667422,0.5382046,0.5528629,0.5384052,0.5279853,0.5724869,0.5982488,0.7237325,0.6251248,0.4886316,0.4270767,0.5502259,0.4987107,1
0.5791553,0.6104395,0.4576083,0.5792683,0.5173583,0.5159617,0.5934168,0.5309314,0.5034422,0.6128387,0.5875025,0.5598477,0.3452108,0.5442204,0.5583118,0.5707258,0.376761,0.5726681,0.5795934,0.4744582,1
0.5186114,0.5097426,0.5660475,0.5998113,0.5716076,0.479363,0.6237736,0.6498981,0.5803967,0.583101,0.4940377,0.4799098,0.6801986,0.5433381,0.5464863,0.5743619,0.5281071,0.553273,0.4795934,0.4759914,1
0.2044971,0.3284028,0.5877485,0.4301684,0.7180659,0.7014391,0.5621356,0.3883224,0.5086906,0.7424405,0.4120312,0.3969406,0.5270761,0.4906672,0.5031942,0.3941252,0.7132794,0.7755519,0.4721386,0.6983762,0
0.5756609,0.5866875,0.6735744,0.4475174,0.4605292,0.5102637,0.6383478,0.5381826,0.5287302,0.4048896,0.6399974,0.4744819,0.4484036,0.5061427,0.6108468,0.5161129,0.5949923,0.6261963,0.5473645,0.3745209,1
0.461182,0.6473475,0.3915282,0.4743031,0.4737967,0.5040544,0.6260486,0.580633,0.4851748,0.5166202,0.4462727,0.5784577,0.6056004,0.640467,0.4993204,0.5229574,0.5049519,0.6330228,0.6396837,0.3666458,1
0.5716348,0.433011,0.5000326,0.6210076,0.5541387,0.5112864,0.5208304,0.6475565,0.6132506,0.5170491,0.5202185,0.5363739,0.5211497,0.527116,0.4938154,0.6067303,0.6424885,0.5452979,0.6800452,0.5086069,1
0.5821179,0.5472195,0.5440208,0.5995209,0.5748507,0.4382351,0.5710934,0.6468011,0.4932179,0.513189,0.5286124,0.5155082,0.6070079,0.6169144,0.5205247,0.5263083,0.6147301,0.5271788,0.5739458,0.4667224,1
0.3919781,0.428033,0.4992506,0.4320557,0.6300582,0.5155234,0.5597185,0.7255835,0.1866267,0.3637143,0.5930318,0.6102495,0.4535891,0.7544967,0.5963029,0.5284472,0.5352211,0.4803496,0.5675452,0.5488884,0
0.5477059,0.5078225,0.6944281,0.4809088,0.2418368,0.5749872,0.5300014,0.6061636,0.4908322,0.5631568,0.4530677,0.4328916,0.2373509,0.6348334,0.6584206,0.7063311,0.4112149,0.3748884,0.5458584,0.4555021,0
0.5439076,0.5126582,0.4874552,0.6360337,0.3050785,0.5166192,0.7902033,0.6549588,0.4936269,0.48002,0.4808474,0.4798393,0.8571005,0.4363673,0.5374473,0.6548553,0.3167108,0.4705882,0.6884789,0.4675587,0
0.4240353,0.6518987,0.5179538,0.6185395,0.6427361,0.59325,0.3411062,0.4451243,0.5112808,0.5343484,0.7863567,0.4088538,0.642418,0.4801466,0.7439853,0.603522,0.5841122,0.472566,0.5057229,0.4687435,0
0.3999544,0.4761769,0.4435321,0.4539779,0.5377018,0.5436482,0.7969572,0.326082,0.5195283,0.7524484,0.5483312,0.6849711,0.5454478,0.4130863,0.5912736,0.5578212,0.4747524,0.678895,0.5365211,0.6558645,0
0.510711,0.5081781,0.5092864,0.6228223,0.5690278,0.6069106,0.7068818,0.679432,0.4467998,0.5450711,0.5354074,0.5301001,0.4937403,0.5183601,0.4967378,0.5099102,0.3651137,0.5757305,0.7036898,0.3704091,1
0.4423428,0.5270943,0.5840991,0.5021777,0.5753667,0.5503689,0.6980662,0.5683964,0.4872878,0.5289871,0.5885684,0.5865642,0.6287133,0.5193104,0.4732228,0.5375731,0.5200167,0.488197,0.5721385,0.615792,1
0.5243087,0.4601052,0.4896057,0.5089286,0.4569912,0.5641756,0.5418741,0.6163607,0.5407266,0.6224891,0.565985,0.5094459,0.5378176,0.6219372,0.4592905,0.42079,0.5822988,0.5272425,0.6027861,0.5847098,1
0.6007293,0.446807,0.4226784,0.6892422,0.440112,0.4674556,0.4725579,0.3114284,0.496626,0.4229752,0.7499834,0.2095023,0.6028595,0.3989004,0.6176431,0.3777984,0.5214814,0.7142401,0.5722138,0.4466513,0
0.6001975,0.4823638,0.561551,0.504791,0.4973834,0.4716926,0.7015498,0.5208097,0.5044646,0.5422832,0.5322097,0.6041873,0.551226,0.6856037,0.5865163,0.5485527,0.5499372,0.6009315,0.526506,0.4549446,1
0.5231693,0.7130564,0.4460737,0.5163327,0.7841822,0.7348236,0.4957344,0.4619684,0.3248586,0.6882551,0.4356805,0.5403919,0.7276835,0.5228399,0.6202256,0.6969913,0.4974194,0.4263749,0.4173193,0.5237299,0
0.5224856,0.5659934,0,0.4732869,0.4659836,0.5089488,0.5084601,0.4796435,0.4867426,0.3950247,0.402305,0.6441562,0.6624194,0.4858481,0.2939377,0.5935405,0.692356,0.3953043,0.6555723,0.379678,0
0.4244151,0.2587825,0.6060606,0.5686702,0.2416894,0.2552414,0.5739372,0.6034444,0.6054121,0.7946959,0.4468723,0.5104328,0.3829173,0.6751511,0.7507136,0.2926708,0.5159715,0.482455,0.6806476,0.2892885,0
0.515041,0.2770588,0.4626914,0.4421458,0.8300288,0.5781284,0.5523248,0.4924088,0.7809965,0.4101794,0.5862368,0.6484562,0.807319,0.6019819,0.7594128,0.6975617,0.4266983,0.467781,0.6974397,0.4649104,0
0.5805227,0.2424264,0.4971,0.5335366,0.5517064,0.5069034,0.5535333,0.3050835,0.3831368,0.5537208,0.3973086,0.464754,0.5354471,0.4020905,0.5906619,0.1898617,0.7231832,0.5468929,0.7260542,0.1466304,0
0.7400486,0.5098848,0.484653,0.763284,0.3740694,0.436628,0.5415186,0.5108392,0.2740099,0.4305526,0.6043568,0.4584097,0.5262612,0.4200774,0.5167868,0.3682447,0.4948389,0.8339288,0.4865964,0.6177434,0
0.3358402,0.4684255,0.6589117,0.3180894,0.3341196,0.4578859,0.8569601,0.5252662,0.4836071,0.4592894,0.496769,0.8043141,0.5141122,0.2785583,0.3442979,0.5049908,0.4630353,0.5576113,0.5549699,0.6313332,0
0.56024,0.5117338,0.5698925,0.5279471,0.5046805,0.5250201,0.6971421,0.5074401,0.341899,0.4948888,0.7663713,0.5699986,0.615453,0.4769565,0.6346337,0.5727221,0.5657693,0.4867296,0.3974397,0.4633076,0
0.6194166,0.6455696,0.3657217,0.5336092,0.4986364,0.5217328,0.604223,0.3069718,0.6740509,0.5751662,0.5887682,0.5476526,0.5595229,0.5242652,0.527185,0.4290603,0.5531455,0.6205819,0.4131024,0.5978814,0
0.6144029,0.4852084,0.6042359,0.4666812,0.630869,0.5009131,0.5691739,0.5406753,0.5643787,0.6277075,0.6557857,0.4935852,0.5287799,0.5895609,0.5076118,0.5596036,0.5186219,0.6387649,0.5737199,0.5147397,1
0.7251595,0.6809842,0.313392,0.3712253,0.7822658,0.3583169,0.3943552,0.5415062,0.4642492,0.4685825,0.7701685,0.5147328,0.5248537,0.4314125,0.5729237,0.676458,0.5880179,0.5511675,0.5714608,0.6607429,0
0.3800516,0.3076376,0.5415445,0.3420441,0.4458613,0.5301337,0.4612541,0.635622,0.4166723,0.5299879,0.4487376,0.4974623,0.1158604,0.2236476,0.6436727,0.4010409,0.7001674,0.6051423,0.7589608,0.6736358,0
0.6787451,0.5204096,0.4593027,0.4780052,0.5873075,0.5748411,0.5074648,0.6486894,0.5494513,0.5259847,0.6296049,0.5172706,0.5229276,0.629607,0.5610983,0.454513,0.5424746,0.4767768,0.7100903,0.6007387,1
0.3389547,0.5342768,0.5373086,0.6757404,0.4726174,0.8632479,0.5429404,0.4887832,0.2886647,0.4944599,0.5794417,0.5456789,0.5048522,0.6868255,0.407639,0.5275916,0.5244107,0.525201,0.6046687,0.445815,0
0.269371,0.533779,0.5686543,0.462471,0.307732,0.6733143,0.7452012,0.4266183,0.7926522,0.6508685,0.6884951,0.6269562,0.5710053,0.5891536,0.6935571,0.4133039,0.6738039,0.5622687,0.6899849,0.2873371,0
0.7075357,0.5251031,0.3574454,0.30241,0.8289231,0.5765213,0.6007394,0.5754211,0.3665054,0.4452069,0.3779895,0.5198082,0.5417438,0.6180683,0.5279326,0.5168259,0.4498535,0.5741355,0.525753,0.6806746,0
0.5176998,0.4586119,0.6151841,0.4626887,0.4227906,0.4974797,0.6153135,0.6723318,0.6122282,0.4820931,0.5735794,0.5298181,0.5304837,0.41648,0.4828734,0.4366177,0.5640954,0.6207733,0.5539157,0.494808,1
0.4457612,0.2899303,0.4974259,0.09422184,0.2920321,0.6534443,0.8323617,0.5264748,0.4960807,0.5380656,0.4979015,0.5592133,0.6002667,0.6194258,0.391396,0.3852132,0.4649881,0.5470206,0.7090362,0.5148791,0
0.5464144,0.7658939,0.4848485,0.4761179,0.2495762,0.5101176,0.4552111,0.6710477,0.4614546,0.6079062,0.7105456,0.5633019,0.5475221,0.4916175,0.510942,0.3696706,0.469661,0.6924844,0.6387801,0.3467838,0
0.4342905,0.5703314,0.6772239,0.4939024,0.6306479,0.2509314,0.5719466,0.5786691,0.4818349,0.5240546,0.7133436,0.7857042,0.4941848,0.4638566,0.6400707,0.3154142,0.6283303,0.6521628,0.5484187,0.6652728,0
0.7295655,0.4854928,0.5285761,0.5569106,0.5690278,0.3981299,0.5374662,0.5065337,0.7791561,0.7164915,0.5626541,0.3769209,0.3131343,0.5117763,0.4743781,0.4154427,0.5469382,0.4054485,0.5611446,0.7829814,0
0.5238529,0.5379747,0.5406973,0.4442509,0.5920247,0.4240631,0.5189819,0.5541204,0.4902869,0.5202659,0.4793152,0.482095,0.5750055,0.5389941,0.5878755,0.4471695,0.4949784,0.6150951,0.6076807,0.5226148,1
0.5533273,0.4951643,0.4538938,0.5803571,0.5663006,0.5375849,0.5056875,0.5066848,0.3225411,0.6143398,0.5463327,0.411462,0.3533595,0.4215027,0.5288161,0.7347783,0.6037802,0.6003573,0.5493223,0.6228309,0
0.4671832,0.525032,0.4217009,0.405633,0.6276996,0.6481116,0.7385895,0.5665836,0.515166,0.6572307,0.4729865,0.6746088,0.5265575,0.4667074,0.6397988,0.5534008,0.5509136,0.5626515,0.5814759,0.5624085,1
0.4389243,0.5782961,0.59029,0.463705,0.3705314,0.1478559,0.6358595,0.6235365,0.6334265,0.5195511,0.614083,0.5750035,0.5932291,0.6723682,0.3754927,0.5227435,0.6754777,0.6657522,0.8871988,0.369294,0
0.5600881,0.6260134,0.6644509,0.6017712,0.5461045,0.5117248,0.5884402,0.6239897,0.5596756,0.5800986,0.5201519,0.5188214,0.592192,0.5117084,0.5046214,0.6291887,0.7559631,0.5444047,0.7169428,0.6083351,1
0.74567,0.5352724,0.4065819,0.5967625,0.5417557,0.6191102,0.4399261,0.6853237,0.3868857,0.5309172,0.4442076,0.5210066,0.4781095,0.6473902,0.5070681,0.6073007,0.4980471,0.5791119,0.6633283,0.5178061,1
0.4579155,0.5669891,0.4640599,0.5295441,0.6996388,0.5592081,0.6822835,0.6486139,0.5148252,0.4281936,0.4930384,0.5871282,0.584784,0.5215502,0.5096506,0.5343648,0.609848,0.6082047,0.5634789,0.4605199,1
0.5135217,0.3774001,0.2577387,0.6114256,0.3923491,0.6723647,0.4495237,0.5643175,0.4875605,0.5937522,0.7118114,0.3294093,0.2986147,0.3697143,0.4732228,0.6287609,0.480332,0.6235805,0.6784639,0.2669176,0
0.4980249,0.6368937,0.5674161,0.6443089,0.5284882,0.5052962,0.5419451,0.5617494,0.4813578,0.5043963,0.4945706,0.7310024,0.449737,0.5515509,0.3892891,0.2384857,0.4715441,0.7283399,0.9643825,0.4639348,0
0.5305378,0.2078652,0.5232323,0.2365709,0.396403,0.4894441,0.4172473,0.6542035,0.3580533,0.5036815,0.3637999,0.3741012,0.5424846,0.5359398,0.4377464,0.6148581,0.5959688,0.5570371,0.4238705,0.2023834,0
0.4852628,0.6200398,0.5625285,0.5953107,0.6218766,0.5047118,0.5666145,0.4486744,0.5570173,0.4130388,0.566851,0.5992528,0.5966368,0.5739496,0.5340492,0.6935691,0.4887013,0.6288759,0.5858434,0.4973866,1
0.5333485,0.5119471,0.5569241,0.4769164,0.6412619,0.6236394,0.5095976,0.5748168,0.4916502,0.6046179,0.5866365,0.4562244,0.5030743,0.5122514,0.5915455,0.535149,0.5013251,0.5879163,0.5267319,0.5658931,1
0.5197508,0.4926753,0.4808081,0.5075493,0.6486327,0.4412302,0.5662591,0.4932397,0.5984595,0.5464293,0.5174205,0.5730298,0.6341211,0.3549854,0.4985728,0.4908741,0.5684893,0.5750287,0.4905874,0.471322,1
0.5446673,0.6010525,0.4863473,0.5815186,0.6162748,0.4916356,0.3807052,0.5495883,0.5569491,0.5161913,0.5496636,0.4992951,0.5339655,0.5001018,0.4994563,0.5117639,0.3917562,0.6601378,0.4917922,0.5670081,1
0.5251443,0.6816242,0.4428804,0.4870064,0.3706051,0.6532252,0.7407223,0.5192235,0.2746234,0.428694,0.3651989,0.3599323,0.6009334,0.5079074,0.3627158,0.5327963,0.5077417,0.475437,0.6925452,0.6560736,0
0.5227135,0.5330678,0.5296839,0.5310685,0.5710916,0.5854335,0.6182284,0.5072891,0.5609025,0.6847523,0.5314103,0.5265755,0.5164827,0.5169348,0.4815142,0.455226,0.5048124,0.6185403,0.6997741,0.4142449,1
0.5853084,0.5000711,0.5034213,0.527802,0.5270878,0.5492731,0.4462534,0.4637057,0.53207,0.4595039,0.5799081,0.5805724,0.4141788,0.6158963,0.4686013,0.6173535,0.5676524,0.5703075,0.6665663,0.5125096,1
0.4529778,0.3816669,0.6593027,0.3668699,0.5343112,0.4917087,0.5612825,0.3495732,0.5590621,0.5845307,0.7029512,0.3922177,0.5355211,0.5550804,0.4225907,0.6172109,0.5978519,0.5671175,0.5832831,0.4666527,0
0.5782437,0.5420993,0.5971326,0.6175958,0.4333309,0.5112864,0.5548841,0.5576705,0.3720264,0.6204875,0.6824995,0.7929649,0.4561819,0.8364895,0.2292375,0.3738058,0.5626308,0.5259027,0.6013554,0.4184961,0
0.5895624,0.6019769,0.5191919,0.4843931,0.5284882,0.5141354,0.6212854,0.5524586,0.5544953,0.6684538,0.6073546,0.6250529,0.5232239,0.6246521,0.5973223,0.574861,0.5081601,0.5844711,0.5779368,0.5083978,1
0.5586448,0.5233964,0.514956,0.4744483,0.5391759,0.4982833,0.5620645,0.5535161,0.5020108,0.4772321,0.5186863,0.4964754,0.5724128,0.4808254,0.4936115,0.5144019,0.5132515,0.6176471,0.5615211,0.5252631,1
0.7244759,0.4902574,0.5490388,0.450421,0.4422496,0.4179268,0.7349637,0.5146914,0.5787608,0.5826006,0.528679,0.5860708,0.48974,0.4405756,0.6175751,0.5042778,0.4887711,0.6367871,0.5114458,0.5807374,1
0.5443634,0.4103257,0.4875204,0.4845383,0.530331,0.5463511,0.6703398,0.6304857,0.5135983,0.5051826,0.544001,0.6438742,0.4861841,0.6033394,0.5006117,0.6534293,0.6147301,0.6287482,0.5698042,0.5397589,1
0.5261319,0.4677855,0.5569893,0.4874419,0.509103,0.5551172,0.5713067,0.5873556,0.6388112,0.6028308,0.4507361,0.5258001,0.5700423,0.5130659,0.4744461,0.3825752,0.463663,0.5805793,0.4947289,0.4686738,1
0.3237618,0.5895321,0.6282176,0.4518002,0.3675831,0.7357733,0.4783165,0.581917,0.7687274,0.7016227,0.5321431,0.06231496,0.4949996,0.5445598,0.4803588,0.307429,0.6896359,0.631045,0.5423193,0.4745278,0
0.6618809,0.5052624,0.3985663,0.2573316,0.3223262,0.5692161,0.7395848,0.7293602,0.4074705,0.5718779,0.6328026,0.5190328,0.3309875,0.5208036,0.5500883,0.7068301,0.3920352,0.4411127,0.6436747,0.3791205,0
0.4279854,0.5115204,0.7192571,0.3119919,0.4821995,0.4285923,0.5693872,0.6899313,0.4863336,0.4043892,0.8617014,0.4524179,0.3761019,0.3235593,0.4447465,0.6511478,0.5583764,0.5193952,0.6981928,0.3138198,0
0.6147828,0.6159863,0.2840013,0.3972125,0.5901083,0.4123749,0.4640978,0.426014,0.6959989,0.4863107,0.5043635,0.6054561,0.3143196,0.6363266,0.5375153,0.4388279,0.3928024,0.538918,0.4961596,0.2810649,0
0.6855819,0.3999431,0.4906484,0.8003775,0.5550232,0.5670246,0.6461681,0.4750359,0.485652,0.6031882,0.4322164,0.415762,0.7502037,0.4079278,0.3966291,0.3720947,0.5136002,0.662626,0.4088102,0.4847028,0
0.5428441,0.4854217,0.6087325,0.3900261,0.6497383,0.425305,0.8121712,0.6239897,0.7550269,0.5439988,0.5052295,0.486395,0.4812949,0.308016,0.2327715,0.2676458,0.4672897,0.5814087,0.4523343,0.3350756,0
0.56024,0.5113071,0.5309221,0.590302,0.6395666,0.4795091,0.605005,0.5096306,0.5661509,0.5096862,0.545933,0.4770196,0.6010816,0.5066178,0.4896697,0.650221,0.5555866,0.487559,0.5244729,0.5415012,1
0.6025524,0.5286588,0.6013685,0.5089286,0.6117049,0.4662138,0.4602588,0.5169575,0.4857201,0.4853814,0.5552595,0.6798252,0.6721979,0.4424082,0.5092429,0.5109083,0.3993584,0.6274722,0.5580572,0.5666597,1
0.5048618,0.5328545,0.5223851,0.4898374,0.5919511,0.3964497,0.8516991,0.4954302,0.5130529,0.4590035,0.4517354,0.6611448,0.5944144,0.5675015,0.5612342,0.4912306,0.5320128,0.6178384,0.7110693,0.3853927,1
0.4313278,0.5155028,0.5543174,0.4238531,0.5520012,0.5087296,0.5157117,0.5265504,0.4596142,0.6257059,0.726867,0.5601297,0.6241203,0.5647187,0.5095147,0.5337231,0.5498675,0.5365574,0.6189759,0.4435849,1
0.5587208,0.4303797,0.3787553,0.3458914,0.512125,0.5368544,0.5292194,0.5532895,0.2935724,0.8004861,0.4587303,0.3165797,0.6878287,0.4878165,0.4064836,0.3676743,0.5964569,0.6392753,0.5060994,0.5398983,0
0.5379824,0.5292988,0.5208863,0.5912457,0.6173804,0.5750602,0.4655908,0.4827404,0.5893259,0.4051755,0.5581241,0.4185112,0.5707089,0.439829,0.5620497,0.5509055,0.5419863,0.6438688,0.7545181,0.5477734,1
0.5386661,0.4328687,0.5334637,0.3295586,0.6228348,0.6129009,0.5934168,0.5592567,0.4836071,0.5197656,0.4256212,0.5723953,0.6156012,0.6155569,0.4949708,0.6820191,0.5470777,0.4918974,0.5544428,0.469301,1
0.3560468,0.2599915,0.6647117,0.527439,0.4190315,0.4081379,0.5443623,0.5470957,0.5016018,0.4917435,0.3987076,0.5458903,0.5230017,0.6144709,0.4744461,0.6406673,0.4602455,0.4039811,0.6845633,0.4290891,0
0.52165,0.701465,0.7012056,0.3548926,0.382767,0.5296223,0.594341,0.6123574,0.7181515,0.3522768,0.5030311,0.4029325,0.537225,0.5146949,0.6747316,0.4780408,0.5635375,0.3409468,0.5005271,0.1986201,0
0.5597083,0.5580999,0.4093842,0.394309,0.5853173,0.5841917,0.5619935,0.4734496,0.2744871,0.6761742,0.5962961,0.509023,0.6329358,0.6471187,0.2657333,0.7092543,0.4713349,0.5623325,0.4366717,0.4679769,0
0.1922668,0.3872138,0.393027,0.7955139,0.5301098,0.6024545,0.4805204,0.6110733,0.5014655,0.5279863,0.6592499,0.4707458,0.5452996,0.4149868,0.6406823,0.6630543,0.3324732,0.5230955,0.4539157,0.4353614,0
0.5571255,0.488124,0.5649397,0.4822154,0.629616,0.5379502,0.6301721,0.6169651,0.5171427,0.5905354,0.6082206,0.636966,0.5680421,0.6097197,0.5749626,0.6279053,0.6008509,0.7097104,0.639006,0.4274165,1
0.5568216,0.634547,0.5038775,0.3448026,0.526277,0.5659289,0.6631594,0.4313014,0.5682639,0.5702338,0.5297449,0.5775412,0.5678198,0.5181565,0.5174664,0.3713817,0.5043242,0.6069286,0.6338102,0.4860269,1
0.5616074,0.6418717,0.4659498,0.4954268,0.3199676,0.4430565,0.6245556,0.3303875,0.4551155,0.5568661,0.6921591,0.583815,0.4389214,0.3411389,0.4802909,0.5345786,0.536895,0.4756284,0.6472892,0.3098474,0
0.5205864,0.6828332,0.578234,0.4170296,0.6052923,0.5978523,0.4661595,0.5261727,0.441415,0.4888126,0.5809739,0.486818,0.5181125,0.4767529,0.4660867,0.4252103,0.5899707,0.6440603,0.622741,0.4463726,1
0.487086,0.4596075,0.50681,0.4862805,0.5288568,0.5355395,0.6104081,0.6193066,0.5014655,0.8234327,0.5092932,0.5031016,0.6165642,0.5779542,0.6264102,0.4626408,0.5461013,0.6338522,0.7214608,0.4216322,1
0.7635977,0.71839,0.4941023,0.6064895,0.5189799,0.5416027,0.4838618,0.8191707,0.5063731,0.2778612,0.740457,0.340265,0.4073635,0.4527252,0.6875085,0.5346499,0.8815734,0.4403471,0.4862952,0.3840686,0
0.5298541,0.5420993,0.5384164,0.4960801,0.5307732,0.4483162,0.6930897,0.558728,0.5527912,0.6061191,0.4806475,0.5609051,0.6238981,0.4448517,0.4809026,0.5051333,0.5167387,0.5056782,0.6414157,0.5110461,1
0.9336828,0.4869862,0.6238514,0.4184814,0.6987543,0.7150997,0.5518982,0.6612282,0.5579033,0.6154836,0.7131437,0.5709855,0.5255204,0.485916,0.4848444,0.4903037,0.3585577,0.5838331,0.4858434,0.4153599,0
0.5537831,0.4970132,0.4196807,0.5328833,0.5458097,0.3106143,0.5317788,0.5918876,0.4865381,0.5359211,0.6586503,0.7981108,0.5361879,0.3425643,0.4929319,0.3229003,0.3255684,0.5608013,0.5160391,0.37473,0
0.5865998,0.6698194,0.5550994,0.3956881,0.5410923,0.5526335,0.5378928,0.7239218,0.5129848,0.6568018,0.5753781,0.4549556,0.2795022,0.523315,0.4771646,0.5403537,0.4151207,0.4584025,0.5042168,0.4590564,0
0.7097387,0.5620822,0.5908113,0.4434524,0.5172846,0.6662284,0.6116167,0.418234,0.5401813,0.4007435,0.01212444,0.4623573,0.4695162,0.4231996,0.6034389,0.4823186,0.5313154,0.625303,0.5939006,0.635654,0
0.6139472,0.6080216,0.3556207,0.3437137,0.628363,0.4960918,0.4653775,0.4894629,0.3573717,0.4284795,0.47725,0.4622163,0.8840655,0.3490803,0.4251733,0.4025382,0.3201981,0.4212709,0.6211596,0.3421144,0
0.4425707,0.5612289,0.3279896,0.7023084,0.5306995,0.6822266,0.5995308,0.3362036,0.2736692,0.2308242,0.6531211,0.3533061,0.4955182,0.58352,0.6325269,0.197633,0.2107686,0.4318617,0.6838102,0.4521569,0
0.599058,0.525032,0.6083415,0.6036586,0.502027,0.3822777,0.7014787,0.5254173,0.5554495,0.5171206,0.4944374,0.5176935,0.4712942,0.4348062,0.4111051,0.5570369,0.5743479,0.5080388,0.5683735,0.4875601,1
0.5132179,0.3971697,0.4471815,0.4081736,0.4854426,0.6193294,0.5160671,0.4356824,0.4913776,0.6192723,0.5204183,0.6029888,0.5272983,0.6256703,0.3741335,0.4972194,0.5241317,0.6045681,0.5057229,0.4947383,1
0.5458827,0.5722514,0.5661128,0.5687428,0.51441,0.6592885,0.4796673,0.5743636,0.4958762,0.5597255,0.5628539,0.6182151,0.5665605,0.587864,0.608672,0.5422786,0.5696052,0.4970014,0.5384036,0.4132692,1
0.4753115,0.3607595,0.5276637,0.3143874,0.4566227,0.6128278,0.8868904,0.6107712,0.5525867,0.3750804,0.3456798,0.6969547,0.8927328,0.5136089,0.4730189,0.5179666,0.5231553,0.7009698,0.6785392,0.3637187,0
0.4989365,0.4176504,0.6000652,0.4162311,0.3941181,0.5876251,0.629319,0.5210363,0.62143,0.5721638,0.631337,0.3416749,0.1913475,0.1624924,0.4177654,0.4217881,0.4677082,0.5525711,0.6618976,0.3593979,0
0.5374506,0.6731617,0.4389052,0.5963995,0.4819783,0.4953612,0.5501919,0.4979983,0.5689455,0.4488527,0.5246153,0.530805,0.5848581,0.5558271,0.5081555,0.6157849,0.4045892,0.5607376,0.6527861,0.3775176,1
0.5771042,0.1339781,0.3876181,0.6284843,0.5643104,0.524801,0.4092848,0.546567,0.4355531,0.6894703,0.4342815,0.5133935,0.5198904,0.5055318,0.4887182,0.5442749,0.3317757,0.7696823,0.405497,0.6666667,0
0.6997113,0.5374769,0.6126425,0.5196719,0.4743864,0.4732267,0.7201763,0.5528363,0.5971645,0.5244835,0.5338752,0.5159312,0.6043411,0.4709156,0.4862036,0.4799658,0.6127772,0.6330228,0.4838856,0.488048,1
0.5577332,0.5207652,0.5771913,0.4684233,0.5758089,0.5688509,0.5355467,0.592794,0.4929453,0.6382872,0.6063554,0.5409559,0.5364842,0.6078192,0.557972,0.5990304,0.4593388,0.5891285,0.6993976,0.5261691,1
0.4548769,0.4598919,0.5396546,0.5328107,0.6114838,0.596026,0.5087445,0.5524586,0.5212324,0.5225534,0.4947705,0.5489215,0.5821172,0.5012557,0.5566807,0.3878511,0.4219556,0.7167283,0.5231928,0.6130044,1
0.4837435,0.6060305,0.4991202,0.4833043,0.6077246,0.5083644,0.6549836,0.5376539,0.5090314,0.6172707,0.5667177,0.5870577,0.7497593,0.4238105,0.6204295,0.5592471,0.5516809,0.7083067,0.5400602,0.5634539,1
0.6694014,0.4633765,0.5753014,0.4150697,0.7180659,0.5243626,0.6922366,0.5097062,0.5283893,0.5394953,0.5192859,0.4654589,0.5823394,0.5028168,0.4830094,0.5772138,0.4988143,0.5789843,0.5679217,0.4944595,1
0.5227894,0.5648556,0.3373737,0.5465302,0.5188324,0.4195339,0.4367979,0.5161266,0.4816986,0.4935306,0.7727666,0.7945157,0.3159493,0.5473427,0.4694848,0.4202196,0.5640256,0.4122751,0.5600151,0.4423305,0
0.5094196,0.5403214,0.4567612,0.1460511,0.7416525,0.3857842,0.8248258,0.4879523,0.4779497,0.4913146,0.5016322,0.4844213,0.527002,0.5829091,0.5405056,0.4881648,0.5627005,0.717813,0.8137048,0.6684089,0
0.6979641,0.6105106,0.5902248,0.450784,0.591214,0.4670173,0.5423717,0.4920311,0.4161952,0.6502967,0.587236,0.6896236,0.4958886,0.5671622,0.4560283,0.525025,0.4958851,0.5949981,0.6002259,0.5271447,1
0.4778942,0.674584,0.4319974,0.4546312,0.7382619,0.5174958,0.654486,0.5864491,0.5616522,0.6302094,0.6349344,0.5810658,0.5225572,0.6118917,0.6003806,0.5441324,0.4462268,0.5313895,0.4783133,0.4623319,1
0.6580827,0.5918077,0.5807755,0.5778891,0.6643326,0.4837461,0.564695,0.5263237,0.5372503,0.5396383,0.5909666,0.5289018,0.5253723,0.5120478,0.5047573,0.392628,0.5018831,0.6979074,0.5067771,0.6397659,1
0.5208903,0.4980088,0.7702835,0.3861789,0.6903516,0.524874,0.496161,0.7460533,0.5209597,0.400529,0.4501366,0.4559425,0.6594563,0.4848979,0.3865706,0.7035506,0.6673176,0.5564629,0.8774849,0.4154297,0
0.5029626,0.1738728,0.4701857,0.9506388,0.3910961,0.4667251,0.5487701,0.9407055,0.4854475,0.6465794,0.5530611,0.6128578,0.3829913,0.5113012,0.2991029,0.3684586,0.4293486,0.4935562,0.707003,0.385114,0
0.5729262,0.4541317,0.5543174,0.3016841,0.5247291,0.5711155,0.4858524,0.5046453,0.2900961,0.3479162,0.3991073,0.6073593,0.6865694,0.6655807,0.6926057,0.6875089,0.4391128,0.4053847,0.4139307,0.2646874,0
0.7275904,0.579505,0.3970023,0.4729965,0.5220019,0.5591351,0.5528935,0.5540448,0.502079,0.4864537,0.5938312,0.6028479,0.49537,0.5250119,0.5345929,0.512762,0.5415679,0.6105015,0.6323795,0.5012893,1
0.6177453,0.355426,0.341349,0.3795006,0.5305521,0.4217985,0.5664012,0.4260896,0.6426283,0.4845236,0.6193458,0.4125899,0.3746944,0.4363673,0.5124371,0.5800656,0.447552,0.5806431,0.2810241,0.2835041,0
0.5599362,0.5690513,0.5064842,0.5660569,0.6509914,0.5204909,0.6841319,0.5211118,0.3926794,0.6195582,0.5100926,0.5039476,0.5584117,0.4578837,0.44563,0.5819193,0.510671,0.6264514,0.6085843,0.475852,1
0.2252355,0.5338501,0.5827305,0.3832027,0.6950689,0.3673022,0.6794398,0.6940101,0.6092291,0.6669526,0.510892,0.6727055,0.4858879,0.3873617,0.3392008,0.6743191,0.5684893,0.2926503,0.8334337,0.2974423,0
0.5699635,0.5992035,0.5747149,0.5032666,0.5278249,0.4254511,0.567681,0.6710477,0.5324109,0.5243406,0.5306109,0.579938,0.5596711,0.5454422,0.6598477,0.5039213,0.4974194,0.5645655,0.3832078,0.4753641,1
0.541021,0.5036979,0.7133268,0.4941928,0.5208963,0.4916356,0.7001991,0.6174182,0.5039193,0.580885,0.4733196,0.5939659,0.6954589,0.5204642,0.4429115,0.06252673,0.5540522,0.480222,0.5841115,0.4834483,0
0.4727286,0.5524819,0.4894102,0.6293554,0.8075477,0.506392,0.6468079,0.5182416,0.2591507,0.5803846,0.4743854,0.3922177,0.8517668,0.5081111,0.4994563,0.721945,0.3722974,0.3887329,0.6464608,0.6421353,0
0.510711,0.5457972,0.5070707,0.3893002,0.4706272,0.5250201,0.4402104,0.7250547,0.4416195,0.8800486,0.5306775,0.5125476,0.2316468,0.4939252,0.4007068,0.7300014,0.5216209,0.5659691,0.6892319,0.4650498,0
0.5881191,0.5108804,0.5850114,0.5792683,0.4147564,0.4855724,0.5172757,0.5776116,0.4749506,0.4738723,0.6452602,0.4922459,0.5795244,0.4107107,0.5928367,0.6352488,0.5689078,0.5677555,0.670256,0.6352359,1
0.467639,0.705234,0.5095471,0.5455865,0.6125157,0.60881,0.5582966,0.6505778,0.5116216,0.5004647,0.564586,0.5789511,0.536336,0.5083826,0.5345929,0.4396122,0.4545962,0.557739,0.6066265,0.4920203,1
0.2170313,0.400512,0.3352884,0.2740999,0.4379008,0.6158229,0.5371819,0.4742805,0.3898166,0.4838802,0.5525281,0.8692373,0.3318764,0.5768682,0.5420688,0.406602,0.6503696,0.6663264,0.5715361,0.2783469,0
0.420313,0.7480444,0.4149234,0.2247387,0.6751677,0.1013953,0.5398834,0.4942216,0.4534115,0.2769319,0.7024848,0.5927675,0.3177272,0.3553927,0.5973902,0.5634536,0.4865393,0.5538471,0.5743976,0.496829,0
0.5898663,0.4550562,0.5197784,0.4740128,0.5201592,0.5383154,0.5491967,0.5330463,0.4729057,0.5406391,0.5518619,0.6134217,0.5533003,0.5011878,0.5707489,0.3457151,0.5523783,0.5757943,0.5815512,0.4279741,1
0.4614099,0.4514294,0.55145,0.5096545,0.612442,0.5458397,0.5955495,0.717879,0.5204144,0.5903925,0.5305443,0.5653461,0.5843396,0.516256,0.769879,0.655497,0.4958153,0.6013781,0.6295181,0.5069343,1
0.5766484,0.5188451,0.4860867,0.4512195,0.4969411,0.5922273,0.47789,0.6118287,0.4505487,0.5873901,0.5942975,0.5618215,0.6044892,0.4971153,0.5611662,0.459076,0.5629795,0.699311,0.648494,0.4491602,1
0.5786235,0.5701181,0.4231346,0.5908827,0.6514336,0.5540215,0.4883407,0.4910492,0.4164679,0.5580813,0.4574645,0.5689412,0.3917327,0.589493,0.6481582,0.5500499,0.6350258,0.6657522,0.7701054,0.435222,1
0.4755394,0.424904,0.51261,0.4853368,0.5399867,0.6047922,0.4997156,0.536823,0.5407266,0.5921081,0.4364133,0.5194558,0.501815,0.5835879,0.6289248,0.5836304,0.5654206,0.5720301,0.5835843,0.5486794,1
0.5001519,0.4746836,0.3966765,0.7345383,0.3812928,0.4885675,0.5047632,0.3837148,0.2669893,0.4136822,0.4673906,0.7817566,0.488851,0.623091,0.5058448,0.5819906,0.8095272,0.6790226,0.5768825,0.3375148,0
0.5183075,0.7373062,0.7268165,0.4618177,0.5632048,0.5651984,0.5445756,0.7357807,0.4095154,0.5264851,0.5224169,0.7810518,0.5230017,0.7547003,0.1657605,0.7197348,0.1019668,0.4941942,0.5114458,0.4652589,0
0.4599666,0.653961,0.5764744,0.5784698,0.6836441,0.6427789,0.611901,0.6233854,0.5277759,0.5529345,0.5589901,0.5660511,0.5184088,0.5346501,0.5482534,0.572936,0.5,0.6858492,0.6236446,0.4713917,1
0.4842753,0.2579292,0.4254806,0.4782956,0.7437164,0.4870334,0.5557373,0.6040487,0.4950583,0.5531489,0.6008927,0.7283942,0.4054374,0.5975022,0.5074079,0.5394268,0.4367415,0.5125686,0.4190512,0.3734755,0
0.6517776,0.4920353,0.4731183,0.5053717,0.5529594,0.4787055,0.6198635,0.5321399,0.4746098,0.5601544,0.7238691,0.579938,0.5440403,0.5284735,0.596031,0.5288036,0.5421956,0.4857726,0.4991717,0.4086696,1
0.6134914,0.5636467,0.7191268,0.4713995,0.5183902,0.6136314,0.4909711,0.6558653,0.5891214,0.6958324,0.5176204,0.5430002,0.4252908,0.7567366,0.7768112,0.6583488,0.5099735,0.3100038,0.5214608,0.4933445,0
0.5204345,0.5022045,0.6602151,0.4909262,0.5551707,0.5382424,0.4270582,0.5800287,0.5684684,0.6466509,0.5235494,0.4839983,0.5925624,0.5473427,0.567011,0.5762869,0.4422514,0.6186041,0.5606928,0.597742,1
0.4737922,0.4378467,0.5093516,0.5105981,0.6418515,0.6451896,0.6915256,0.514767,0.391248,0.5138323,0.4643262,0.5387706,0.6269353,0.4667074,0.4889901,0.5042065,0.5887153,0.6045681,0.5330572,0.6088229,1
0.4727286,0.3865026,0.7957641,0.4597851,0.4976782,0.648696,0.6962889,0.5705869,0.5709904,0.4971763,0.6547199,0.6132807,0.3769168,0.5193104,0.4087943,0.611222,0.4017994,0.3753988,0.5574548,0.4772458,0
0.5372227,0.5402503,0.6014988,0.3795732,0.5288568,0.6582658,0.5855965,0.6307878,0.5451571,0.6472943,0.5198188,0.5289018,0.6070079,0.537976,0.4834851,0.5589619,0.4414842,0.5620773,0.6634036,0.5932817,1
0.7149043,0.5854786,0.579016,0.6081591,0.3633817,0.6462854,0.3147306,0.5245109,0.2798719,0.7076274,0.5432683,0.5257296,0.5342618,0.4620919,0.338861,0.1641951,0.6399777,0.5555059,0.4691265,0.2510976,0
0.5891067,0.4623809,0.7532747,0.7460802,0.3016142,0.5570166,0.5467083,0.3202659,0.3924068,0.44006,0.579042,0.6010856,0.6246389,0.3945564,0.4308822,0.6724654,0.6514856,0.3905831,0.6451054,0.0933863,0
0.5223336,0.458683,0.553405,0.5791957,0.6176752,0.4824311,0.5612825,0.5177884,0.4908322,0.5557224,0.4773166,0.5852249,0.6770131,0.5004412,0.4859997,0.6280479,0.6249825,0.6522904,0.5996235,0.6631821,1
0.4941507,0.4997155,0.438058,0.7417247,0.4371637,0.3151436,0.4624627,0.4429338,0.4786995,0.5397097,0.530411,0.5307345,0.5107045,0.5032241,0.4859318,0.3252531,0.3395871,0.4512569,0.6453313,0.348526,0
0.497797,0.02837434,0.4956664,0.6098287,0.488391,0.3344291,0.5169913,0.5549513,0.5020108,0.3469869,0.5521951,0.4582687,0.5427809,0.2780153,0.5491369,0.4329816,0.5101827,0.538599,0.4976657,0.7331522,0
0.6154664,0.4663633,0.5213425,0.508493,0.3641925,0.4419607,0.5522537,0.4885565,0.5710586,0.6675245,0.7086803,0.5451149,0.5488555,0.5756465,0.5625255,0.6885071,0.4678477,0.6263238,0.6286898,0.6077079,1
0.5441355,0.4903286,0.6909742,0.6779181,0.6302056,0.5047849,0.6572586,0.3372611,0.548906,0.5106155,0.5300113,0.7773157,0.3405437,0.4109143,0.4675819,0.4455297,0.5964569,0.4495343,0.6573042,0.307896,0
0.5896384,0.4857062,0.5660475,0.7565331,0.2965283,0.503543,0.5970425,0.6556386,0.6127735,0.3702909,0.438212,0.3540815,0.5694496,0.5176135,0.6507408,0.6202766,0.6171712,0.3730381,0.5474398,0.7552443,0
0.5275752,0.5681269,0.5388726,0.567291,0.4466721,0.4581781,0.5757145,0.5740615,0.5671052,0.4617914,0.5330091,0.5294657,0.5378176,0.5003054,0.5716324,0.5912591,0.4846562,0.689422,0.68125,0.6130741,1
0.7397448,0.6221021,0.3268166,0.6236208,0.64679,0.4106217,0.5377506,0.434625,0.4775407,0.3660733,0.4853774,0.7497533,0.8600637,0.5179529,0.8141906,0.3245401,0.4065421,0.5912339,0.574247,0.4490905,0
0.433227,0.4046366,0.4241121,0.4885308,0.6128842,0.571846,0.5417318,0.5029836,0.5171427,0.5214812,0.5702485,0.4904131,0.6252315,0.4877486,0.4995922,0.5838443,0.5002092,0.6788312,0.5464609,0.4578019,1
0.5246885,0.4883374,0.4987292,0.6301539,0.6509914,0.3056469,0.5733684,0.340207,0.6617136,0.3260419,0.6646459,0.5554067,0.7418327,0.4460056,0.3952698,0.5468416,0.5132515,0.5781549,0.3111446,0.5861732,0
0.534412,0.4860617,0.4985989,0.455212,0.60485,0.4505807,0.6485853,0.5887907,0.4175585,0.4834513,0.5477316,0.6804596,0.4689236,0.6195616,0.5239908,0.5124768,0.5569117,0.5988261,0.5328313,0.5464492,1
0.5460346,0.5321434,0.4458781,0.5759292,0.4807253,0.6508875,0.4488128,0.4746582,0.4960125,0.5826721,0.5175538,0.5841675,0.3665457,0.5389262,0.5042816,0.5464851,0.5970846,0.6008039,0.5463855,0.6018538,1
0.5271954,0.4397667,0.4437276,0.3697009,0.4789563,0.4061655,0.5606427,0.5685475,0.5187104,0.6244192,0.4476717,0.5726068,0.6302689,0.5218217,0.3697839,0.5049908,0.1854513,0.7038407,0.5941265,0.4575929,0
0.5763445,0.5715403,0.5230368,0.6528746,0.7332498,0.5093871,0.4898337,0.6508045,0.6257242,0.5455,0.5095596,0.5735937,0.6231573,0.5893572,0.5059807,0.5329388,0.6426978,0.5512952,0.5360693,0.4422608,1
0.5329687,0.5646423,0.5077224,0.5323752,0.6647748,0.4768792,0.6500071,0.7084372,0.4545021,0.7672457,0.6306708,0.4861836,0.4638121,0.5052603,0.4590186,0.5156139,0.593179,0.5609289,0.6385542,0.6376751,1
0.8596931,0.3552837,0.6624959,0.5160424,0.5097663,0.3991526,0.6593915,0.5376539,0.4254652,0.477804,0.6178802,0.5638658,0.5722646,0.6052399,0.6434008,0.4672751,0.4941414,0.639658,0.660994,0.4628197,0
0.4810088,0.433651,0.4639296,0.4557927,0.6025651,0.598875,0.4570596,0.105295,0.3521232,0.5445707,0.7088135,0.3565487,0.4998889,0.4163443,0.5140003,0.1845858,0.5183429,0.4226107,0.7205572,0.6764234,0
0.5930568,0.4908263,0.4115999,0.4402584,0.3556424,0.3158741,0.5541021,0.5335751,0.4887193,0.5032526,0.2575445,0.3727619,0.5080376,0.5296274,0.6161479,0.5692999,0.4260008,0.6767258,0.3126506,0.3947313,0
0.3044667,0.4313753,0.5530792,0.7304733,0.6775264,0.658558,0.8164368,0.731022,0.3927476,0.4245479,0.4073679,0.5392641,0.5315208,0.5898324,0.3769879,0.4308427,0.7720045,0.5516142,0.724247,0.5881943,0
0.3479186,0.4000853,0.4079505,0.3856707,0.5215597,0.7568851,0.6753164,0.4869703,0.4739282,0.6300665,0.2837919,0.1827154,0.6039706,0.6430462,0.5173984,0.6869385,0.2720742,0.4208243,0.6744729,0.4899296,0
0.8290033,0.3168113,0.4433366,0.5794135,0.4294243,0.5976331,0.9714205,0.2612735,0.4661577,0.5277718,0.5215508,0.588115,0.7801319,0.6602864,0.3685606,0.5916868,0.5032083,0.5996555,0.4476657,0.5818524,0
0.5244607,0.3178069,0.4338873,0.7319251,0.4541166,0.5473008,0.2658183,0.5833522,0.4973758,0.4981771,0.6749051,0.6376709,0.1248241,0.378538,0.3744733,0.5642378,0.4545264,0.8130024,0.5668675,0.3811415,0
0.5068368,0.496231,0.5065494,0.6779181,0.5294464,0.5326174,0.3595905,0.5594078,0.4882421,0.4281221,0.528146,0.4990131,0.5290021,0.5979095,0.6766345,0.4431057,0.3660901,0.7651525,0.7309488,0.4851209,0
0.3549073,0.7796189,0.4434669,0.4584785,0.6069875,0.6850026,0.7239442,0.4374197,0.5631518,0.5139038,0.6079541,0.6226562,0.4822579,0.430055,0.5012913,0.6661201,0.4710559,0.3264642,0.3988705,0.450554,0
0.5910817,0.5649267,0.5804496,0.4827962,0.5321736,0.5337862,0.6411204,0.5682454,0.4899462,0.5190507,0.5487309,0.6402792,0.5639677,0.6180683,0.543564,0.5623128,0.5486818,0.5930203,0.6091114,0.5540456,1
0.6231388,0.4841416,0.3225806,0.4451219,0.4387853,0.524801,0.6399829,0.3156583,0.7807921,0.346415,0.545067,0.499859,0.6076006,0.4777031,0.3937067,0.6229859,0.5673037,0.6182213,0.4621235,0.5030316,0
0.5501367,0.6232399,0.5848811,0.4799652,0.3762807,0.4540142,0.7108631,0.5690007,0.4931498,0.5131174,0.3161681,0.3980685,0.5151493,0.6782733,0.4001631,0.3981891,0.5973637,0.552635,0.8332831,0.2930518,0
0.5008356,0.5544019,0.5500163,0.581446,0.6635218,0.644313,0.5809754,0.5627313,0.5870765,0.6088355,0.5396709,0.7087269,0.4281058,0.486459,0.4265326,0.7133181,0.6005021,0.5718387,0.5412651,0.49662,1
0.4702978,0.4853506,0.3582274,0.4986934,0.4745338,0.5437213,0.4801649,0.440139,0.5820326,0.3419115,0.3298248,0.5354575,0.1479369,0.5341071,1,0.3616855,0.6312596,0.6904428,0.3619729,0.5191302,0
0.6321027,0.582634,0.5094819,0.4079559,0.520454,0.5657827,0.6275416,0.6495959,0.5231409,0.5577954,0.6555859,0.5046525,0.5641159,0.5478178,0.6099633,0.3209753,0.5884363,0.5657139,0.5583584,0.3621158,1
0.6065026,0.46999,0.6725969,0.5611934,0.5164001,0.5215867,0.5827528,0.5695294,0.4592052,0.5512188,0.466791,0.5197378,0.6839025,0.4921605,0.5812832,0.4747612,0.6666202,0.5290928,0.7106928,0.5342532,1
0.5168642,0.508747,0.4944933,0.578252,0.5202329,0.7093287,0.4013223,0.5994411,0.5960739,0.442705,0.5276131,0.5316509,0.1636418,0.5808729,0.4287074,0.3946956,0.2302971,0.4592957,0.375,0.6804655,0
0.5291705,0.7235813,0.629912,0.8508275,0.2130906,0.2924246,0.5360444,0.2588564,0.8824211,0.5161198,0.6053561,0.8757225,0.5394474,0.277676,0.4857279,0.3963354,0.3057609,0.7379099,0.5589609,0.5791344,0
0.5762686,0.6618546,0.5557511,0.4986208,0.5335741,0.5193221,0.694085,0.5529874,0.5166655,0.5003932,0.6930918,0.433526,0.4481073,0.3809815,0.512777,0.4950806,0.4784489,0.6848284,0.5603163,0.5695868,1
0.6283804,0.4634476,0.6048876,0.3755807,0.5026166,0.5580393,0.5575145,0.6407584,0.3791153,0.5981128,0.5940977,0.6123643,0.5302615,0.699586,0.4543972,0.5912591,0.5546101,0.4842414,0.5743223,0.3812112,1
0.2598754,0.3138956,0.4033236,0.4811992,0.4754183,0.378406,0.5800512,0.5108392,0.448572,0.5392094,0.6842316,0.4785704,0.4547004,0.3305505,0.5049613,0.6440182,0.5424746,0.6239632,0.6166416,0.5448464,0
0.6079459,0.6093728,0.5876833,0.537892,0.6190757,0.5800278,0.4035262,0.5052496,0.5635608,0.548002,0.5149557,0.6821514,0.7322024,0.4348062,0.6487699,0.4477399,0.5370345,0.5458722,0.6571536,0.4522266,1
0.5599362,0.4745413,0.539394,0.478586,0.4712169,0.6351815,0.5975401,0.519148,0.4177629,0.6212023,0.5096929,0.5191033,0.5176679,0.5284056,0.5530787,0.5643091,0.387432,0.6574582,0.4405121,0.5054708,1
0.5510483,0.5769449,0.4145324,0.5319396,0.9963146,0.5310103,0.591355,0.2347609,0.5049417,0.8528129,0.5375391,0.725504,0.2540188,0.4658929,0.4809026,0.5029944,0.5564235,0.6247289,0.6493223,0.5215694,0
0.4643725,0.4327265,0.5454546,0.4742306,0.2662342,0.402586,0.5548841,0.5798021,0.4909004,0.5370649,0.5093598,0.6189905,0.2692051,0.7606733,0.5412532,0.2998004,0.5053006,0.6073753,0.449247,0.45599,0
0.5228654,0.4913952,0.2343434,0.6314605,0.5175057,0.4448097,0.6001706,0.1335448,0.3089087,0.437844,0.4991007,0.6936416,0.517742,0.5651259,0.6977708,0.2714245,0.5877389,0.6602654,0.5788404,0.709039,0
0.5774081,0.5078936,0.2774845,0.492741,0.5088081,0.3841771,0.4507323,0.5127276,0.6562607,0.3419115,0.511425,0.6748202,0.5281132,0.5298989,0.5223597,0.3678882,0.5964569,0.4645272,0.9268825,0.2720747,0
0.5860681,0.5179206,0.5190616,0.6435105,0.5057861,0.4724231,0.6655766,0.5452829,0.4541613,0.5772393,0.6805676,0.5537854,0.5209275,0.4819114,0.5418649,0.5154713,0.5477751,0.5665433,0.575753,0.5680535,1
0.5853084,0.3937562,0.4867384,0.5744048,0.5287094,0.5427716,0.5316366,0.506156,0.304819,0.360855,0.7242689,0.2834485,0.6678272,0.4858481,0.4831453,0.608798,0.6074069,0.5408319,0.2146837,0.4397519,0
0.6626405,0.6770018,0.5337895,0.4954994,0.3881477,0.4687705,0.4537893,0.5276834,0.480608,0.5372078,0.5465326,0.6647399,0.5287799,0.5597638,0.5193014,0.5769998,0.5221788,0.495215,0.75625,0.4327131,1
0.5617594,0.4072678,0.525839,0.6951219,0.6557087,0.6298488,0.5514717,0.834202,0.5649922,0.5063979,0.4587969,0.5195263,0.6948663,0.4219779,0.4879027,0.4744047,0.5695355,0.6319382,0.5170934,0.4857481,0
0.7310848,0.6732329,0.368915,0.5196719,1,0.2206151,0.3565335,0.551099,0.5247768,0.513189,0.4186929,0.7544762,0.601526,0.5602389,0.5666712,0.4823186,0.4324871,0.6689422,0.6453313,0.3724998,0
0.4668794,0.5566776,0.6280221,0.274608,0.6344807,0.61312,0.5740082,0.7797416,0.2104151,0.3266852,0.5493971,0.7099957,0.5627824,0.4730197,0.7574419,0.2357051,0.4377877,0.6322572,0.678238,0.7171928,0
0.471969,0.68646,0.4992506,0.564097,0.4535269,0.5772518,0.5533912,0.5799532,0.5129848,0.4936736,0.6493238,0.5376427,0.604267,0.5973665,0.5584477,0.540211,0.4442042,0.4822636,0.8018072,0.4953655,1
0.5213461,0.5132983,0.4881721,0.4805459,0.6243827,0.5907663,0.53576,0.6292016,0.6020721,0.5942526,0.5571914,0.4112505,0.4426254,0.5141519,0.5213402,0.4709825,0.4900962,0.6232615,0.7369729,0.5420587,1
0.6287603,0.6282179,0.5592701,0.5813734,0.476008,0.5004748,0.6433243,0.5955888,0.4969668,0.6009007,0.4832456,0.5641478,0.5232239,0.4188556,0.592361,0.4129474,0.5305482,0.5465102,0.5584337,0.5979511,1
0.5868277,0.6296402,0.4377322,0.3392131,0.5152208,0.4696472,0.4992891,0.5450563,0.6028901,0.6094789,0.6974885,0.5554772,0.5655975,0.5107582,0.6229441,0.4875232,0.4949784,0.6113946,0.5586596,0.5803192,1
0.741492,0.4264685,0.408928,0.4550668,0.5250239,0.4768792,0.615669,0.5089508,0.2952082,0.53635,0.5570582,0.5345411,0.6842729,0.5177492,0.5740111,0.7319264,0.5294323,0.5837693,0.4481928,0.6951704,0
0.6310392,0.5523396,0.6071033,0.4836673,0.5845065,0.5025933,0.5497654,0.5215651,0.5984595,0.5716634,0.5116248,0.5513182,0.6783465,0.5138804,0.6209053,0.6035933,0.5743479,0.472566,0.6698042,0.4382187,1
0.5272713,0.2201678,0.5065494,0.5684524,0.509103,0.4617576,0.3802076,0.3743485,0.6809352,0.5467153,0.6198788,0.7113351,0.4427736,0.3995792,0.5377871,0.27228,0.3884084,0.3766109,0.5295181,0.5412224,0
0.5780917,0.528801,0.5412186,0.523374,0.619002,0.6147271,0.5191242,0.5223204,0.4982619,0.5936093,0.5576577,0.526082,0.5830061,0.4721374,0.5437679,0.5979609,0.5871809,0.6207095,0.5457832,0.3704788,1
0.4254026,0.3508747,0.7069404,0.4529617,0.5124936,0.5044196,0.5330585,0.8829217,0.4811533,0.4556437,0.6817667,0.6026364,0.4932958,0.1640535,0.4504553,0.6881506,0.5126238,0.682404,0.5982681,0.7527354,0
0.4365694,0.5065424,0.4800261,0.4754646,0.5253925,0.4569362,0.5612825,0.6201375,0.51687,0.524412,0.3942442,0.4628507,0.3477295,0.2286025,0.4284355,0.5624554,0.5078812,0.497767,0.4809488,0.1840546,0
0.5505925,0.7017494,0.4110134,0.5235192,0.4391538,0.3636496,0.4850704,0.262331,0.4830618,0.669812,0.5289454,0.4985197,0.4652196,0.4529288,0.3190839,0.3942678,0.6319571,0.4688656,0.5137048,0.4714614,0
0.379216,0.5061158,0.5008146,0.5895035,0.5550969,0.6267076,0.6134651,0.5216406,0.5298207,0.5439274,0.4320165,0.6231496,0.5809319,0.6451504,0.4414164,0.642521,0.4594783,0.6617966,0.6560994,0.4617743,1
0.5996658,0.4987911,0.4709677,0.4874419,0.5983637,0.5426255,0.6083463,0.5483798,0.478495,0.5231968,0.4596629,0.5215706,0.565227,0.44363,0.5462825,0.5507629,0.4608034,0.4950236,0.5671687,0.5996934,1
0.676694,0.6549566,0.5608342,0.5474738,0.513157,0.5567974,0.6578985,0.4648387,0.5487015,0.5296304,0.5765772,0.5638658,0.5096674,0.5147628,0.73182,0.5669471,0.4924676,0.6220493,0.682756,0.4732734,1
0.6468399,0.5077514,0.5407625,0.6343641,0.6029336,0.4023669,0.6457415,0.6184757,0.5365688,0.6984059,0.7077476,0.5883265,0.3843988,0.4504174,0.5267093,0.5542564,0.5438694,0.5230955,0.6974397,0.4695798,1
0.4258584,0.3927606,0.525839,0.4269744,0.6560035,0.2607933,0.7527371,0.7279251,0.8548838,0.4343413,0.4621278,0.5790216,0.6614564,0.6894726,0.7284899,0.3936974,0.5507742,0.6928672,0.5142319,0.5006621,0
0.6269371,0.4948798,0.4945585,0.5450058,0.6340384,0.4795091,0.5646239,0.5142382,0.4686797,0.3915219,0.5260808,0.7381926,0.4903326,0.4079278,0.5929047,0.4218594,0.5716976,0.5507848,0.6304217,0.624155,1
0.6057429,0.6256578,0.5803845,0.6387195,0.6431783,0.5201256,0.500782,0.5712667,0.4497989,0.4889556,0.5197522,0.5150148,0.4854434,0.6200367,0.5973902,0.4330529,0.5539127,0.5397474,0.5512801,0.4324343,1
0.5727742,0.3213625,0.5741284,0.4896196,0.4692268,0.3743151,0.8677663,0.4929375,0.5031695,0.5147616,0.4915062,0.4746229,0.5517446,0.5070929,0.4409406,0.4703408,0.7468964,0.7309557,0.413253,0.7295282,0
0.6754786,0.8069976,0.7843598,0.4093351,0.4783666,0.3616042,0.395777,0.7063223,0.6462409,0.5943241,0.5472654,0.522205,0.7699829,0.3742619,0.3998913,0.7369171,0.68852,0.5714559,0.4712349,0.3141682,0
0.3290033,0.6510454,0.6328446,0.4675523,0.6579199,0.6350355,0.3687615,0.292998,0.4279872,0.7217099,0.5576577,0.1937121,0.4533669,0.6248558,0.4139595,0.3674604,0.3688799,0.4878142,0.4310994,0.3726392,0
0.5526436,0.4015076,0.4162268,0.7306911,0.3795238,0.5944189,0.467297,0.4815318,0.4992843,0.5061119,0.5741123,0.5243198,0.5430032,0.5300346,0.5632051,0.4225011,0.4372298,0.5629705,0.5021085,0.4304133,0
0.3535399,0.819158,0.5880091,0.4043989,0.7173288,0.7619987,0.6473767,0.5924163,0.3307886,0.5113303,0.3403504,0.7145073,0.528854,0.5408267,0.7872774,0.7011265,0.4017994,0.7398877,0.5460091,0.5525821,0
0.4746278,0.2444887,0.4094493,0.2007114,0.3826933,0.5164731,0.5401678,0.357731,0.4605003,0.2455501,0.5641196,0.5401804,0.381806,0.3963212,0.5931765,0.5079852,0.5647929,0.4823274,0.8776355,0.4219806,0
0.5204345,0.5592377,0.4031281,0.4495499,0.4067959,0.5692161,0.5694582,0.6023114,0.6002318,0.5439274,0.6135501,0.5397575,0.641529,0.6579787,0.521748,0.7354912,0.4929558,0.5498915,0.7136295,0.5420587,1
0.510787,0.5949367,0.4820463,0.4798926,0.6456844,0.4261816,0.5368975,0.5214896,0.6061618,0.6227036,0.5589901,0.5873396,0.5839692,0.402905,0.5256898,0.3084985,0.5018831,0.6009953,0.4607681,0.4557112,1
0.5338803,0.6295691,0.4856957,0.5297619,0.6125157,0.5628607,0.5150718,0.5218672,0.4324858,0.6400744,0.5259476,0.5517412,0.5424106,0.4282224,0.4866114,0.5072009,0.5375924,0.6769172,0.7356175,0.4154297,1
0.6675023,0.4460959,0.3313783,0.4637776,0.2910739,0.4749799,0.4630314,0.3769167,0.4898098,0.6302809,0.3880488,0.5849429,0.3742499,0.5110297,0.5008156,0.5117639,0.4455991,0.6339799,0.3622741,0.4314587,0
0.6151626,0.540677,0.5319648,0.5430459,0.6880667,0.5161078,0.5568748,0.5128786,0.6125008,0.5183358,0.5425355,0.6619907,0.4018075,0.6501731,0.5205926,0.4543705,0.5007672,0.4761388,0.8019578,0.4798941,1
0.5009116,0.5249609,0.4131639,0.4733595,0.5426402,0.7936299,0.6749609,0.6199109,0.5964147,0.5743084,0.5780427,0.5090935,0.8365064,0.5350574,0.4355036,0.4500927,0.5260148,0.5534005,0.6280873,0.5309778,0
0.3730629,0.446167,0.4919518,0.5119048,0.6286578,0.4001023,0.5310678,0.5540448,0.5904846,0.5261277,0.5042303,0.2758353,0.2232758,0.4178375,0.4536496,0.4351918,0.5894127,0.5611203,0.557756,0.1485121,0
0.493619,0.5498506,0.5908113,0.4183362,0.6972064,0.5207101,0.6874022,0.5408263,0.5335696,0.475445,0.5316768,0.5831806,0.485073,0.5623431,0.5229713,0.4436047,0.6443018,0.6281102,0.4625,0.4699979,1
0.6743391,0.5428104,0.4997719,0.4994919,0.47903,0.6366426,0.5252382,0.5612962,0.4911049,0.3822289,0.664979,0.5526575,0.6373805,0.5918007,0.4425038,0.1874376,0.5404519,0.6518438,0.5186747,0.5756499,0
0.7628381,0.3784668,0.578625,0.5751306,0.5775042,0.5756447,0.5082468,0.5443765,0.4823802,0.3825148,0.6847645,0.668476,0.4378102,0.5602389,0.4081147,0.6572793,0.5901799,0.4033431,0.5651355,0.4623319,0
0.5828016,0.5787939,0.382535,0.6811121,0.4384167,0.2718971,0.759491,0.4814563,0.4707927,0.5181214,0.5100926,0.5126886,0.4752204,0.4009367,0.7184314,0.4102381,0.5594922,0.4765216,0.5926205,0.664785,0
0.5227135,0.5172806,0.5287064,0.4884582,0.5576767,0.4272774,0.554813,0.5159,0.481017,0.524698,0.5276797,0.5074722,0.6867175,0.4836082,0.4540574,0.5314416,0.5182034,0.5144826,0.5396084,0.5822008,1
0.4996202,0.5063291,0.4830238,0.3973577,0.5702808,0.45511,0.6123276,0.4568321,0.5591303,0.5623704,0.5416028,0.5648527,0.529817,0.4286296,0.480087,0.5722943,0.566118,0.5323465,0.6906626,0.6100076,1
0.6968247,0.7296259,0.4600196,0.4314024,0.5716076,0.4288115,0.716124,0.6321474,0.4140822,0.5203374,0.3960429,0.252432,0.4316616,0.4303265,0.5571564,0.4932269,0.6749895,0.4580835,0.65,0.4943899,0
0.6193406,0.6041815,0.4507006,0.4764808,0.5992482,0.5257506,0.5499076,0.4701262,0.5036467,0.606405,0.5834388,0.4531228,0.51952,0.5338356,0.4722713,0.4122344,0.4054959,0.6762154,0.5075301,0.4857481,1
0.4350501,0.6114351,0.4722059,0.622532,0.5927619,0.6592155,0.8590218,0.5052496,0.4258742,0.5282722,0.5035641,0.3729734,0.6598266,0.4139008,0.5862444,0.5066305,0.4258614,0.7946919,0.6195783,0.4553627,0
0.5046338,0.5854075,0.5754318,0.4720528,0.5542125,0.4716926,0.6433243,0.6131127,0.4472769,0.6847523,0.6215442,0.5523756,0.5799689,0.52603,0.4369988,0.6291174,0.4587111,0.6130534,0.5887801,0.3980068,1
0.5934367,0.5041957,0.5240144,0.5225755,0.4763765,0.4442253,0.4859946,0.5344815,0.6263376,0.5276288,0.4692559,0.5621035,0.5748574,0.5084504,0.5585157,0.4982889,0.4422514,0.6470588,0.6075301,0.5649871,1
0.5168642,0.5873275,0.4852395,0.5441347,0.6284366,0.5931039,0.5582255,0.5974016,0.3684821,0.5703768,0.6737726,0.6046807,0.5386325,0.5004412,0.4816501,0.5481249,0.5181336,0.5591425,0.4850904,0.3982159,1
0.6459283,0.5275921,0.5950472,0.5716463,0.5400605,0.5593542,0.6506469,0.5338017,0.5689455,0.5188362,0.5036973,0.5213591,0.5542633,0.5945836,0.5083594,0.4917296,0.5983401,0.5816001,0.6131777,0.4792669,1
0.8489821,0.5954345,0.7439557,0.5107433,0.660942,0.6034772,0.6573297,0.52368,0.5211642,0.5022517,0.5436013,0.495559,0.7688718,0.4417295,0.5280685,0.490375,0.4531315,0.5872145,0.6423946,0.4990592,0
0.4279854,0.4303797,0.465624,0.5963995,0.4903074,0.3337716,0.6820703,0.5129542,0.4909686,0.5309886,0.769569,0.4992246,0.6262686,0.5476142,0.5850211,0.2810495,0.5002092,0.478308,0.5893825,0.467489,0
0.3271802,0.5110226,0.6189638,0.6266696,0.4019312,0.51209,0.5397412,0.4351537,0.4912412,0.5773822,0.515955,0.5630199,0.5535225,0.4977941,0.4726111,0.6469414,0.5094853,0.5623325,0.4942018,0.5355077,1
0.4606503,0.8175224,0.7532095,0.6219512,0.5290779,0.6573161,0.4464667,0.7054914,0.260105,0.6432196,0.2792619,0.6070774,0.2065338,0.3889228,0.5232432,0.6263368,0.5074627,0.7221513,0.5060241,0.487142,0
0.7205257,0.507538,0.4463343,0.4841754,0.618486,0.4337059,0.5489833,0.4760934,0.4836753,0.5336336,0.4502698,0.5354575,0.5189273,0.5869816,0.6336822,0.5475546,0.5175757,0.6018885,0.6024849,0.4650498,1
0.4358098,0.5041246,0.4467905,0.4949913,0.532837,0.5283805,0.5536755,0.5603898,0.441415,0.5560798,0.5203518,0.5449739,0.5822654,0.6127062,0.52902,0.6723228,0.6189845,0.5639913,0.6869729,0.4753641,1
0.5440596,0.5137249,0.5438253,0.493975,0.6486327,0.4456863,0.5938433,0.5079689,0.5975053,0.4422761,0.5823063,0.5787396,0.6129343,0.5156451,0.6197499,0.4421788,0.5078812,0.6089703,0.6347138,0.6422051,1
0.4554847,0.5009956,0.4269795,0.1803136,0.5587086,0.4923661,0.5526802,0.3576554,0.3127258,0.3223962,0.3496769,0.5037361,0.6947922,0.8007195,0.2492184,0.5140454,0.5067652,0.5722853,0.5648344,0.3468534,0
0.7661805,0.5529085,0.4775497,0.4746661,0.4384905,0.34283,0.6325892,0.6077498,0.4297594,0.5327758,0.5892346,0.5672494,0.5338914,0.3454151,0.490961,0.7433338,0.6734552,0.5627791,0.5979668,0.4473482,0
0.5423883,0.5164273,0.6055393,0.5075493,0.4872116,0.6277303,0.6524954,0.5323665,0.4843569,0.8126385,0.541403,0.3040321,0.2323876,0.459852,0.6071768,0.2701412,0.6310503,0.5807069,0.5597138,0.6320998,0
0.5025828,0.5933722,0.4669273,0.4941928,0.5077025,0.5454745,0.6539884,0.4708815,0.5288665,0.5566517,0.5008327,0.5042295,0.6622713,0.582434,0.5929727,0.4368316,0.6104059,0.642529,0.5739458,0.4044881,1
0.612124,0.4020054,0.4122516,0.4112224,0.441881,0.3500621,0.4350917,0.8020243,0.3256765,0.5397097,0.4853108,0.4977443,0.5218905,0.8030272,0.5713606,0.5402823,0.1498117,0.6449534,0.6542169,0.6037354,0
0.5960194,0.4436069,0.4411209,0.4645035,0.6028599,0.5309373,0.4203043,0.410454,0.2566969,0.421474,0.5260808,0.3779078,0.4555893,0.7213738,0.3815414,0.5309426,0.5559353,0.7506699,0.5991717,0.6067322,0
0.6923428,0.615773,0.5583578,0.4644309,0.6574777,0.5844839,0.5583677,0.4714102,0.5651285,0.5260562,0.5259476,0.4710278,0.4851471,0.5603747,0.5301753,0.5903323,0.6357232,0.4525967,0.6590362,0.5233117,1
0.6586144,0.3984497,0.3539264,0.3352933,0.5705019,0.5182993,0.4889094,0.5683209,0.471747,0.6888984,0.6575844,0.7828845,0.5478184,0.3609584,0.4266685,0.7341366,0.4042405,0.4436009,0.5177711,0.3421144,0
0.6514737,0.5189162,0.4131639,0.4322009,0.4586865,0.4185843,0.537253,0.6690083,0.5549724,0.5344199,0.5465326,0.5020443,0.6087858,0.4882237,0.5549137,0.5131185,0.5006277,0.6196886,0.6165662,0.5143216,1
0.5374506,0.4586119,0.3963506,0.3644018,0.3848308,0.4741763,0.5622779,0.4472392,0.5486333,0.456859,0.3518087,0.5334132,0.55493,0.6473224,0.3470165,0.4967917,0.7612638,0.5372592,0.3590361,0.4565475,0
0.4687785,0.5437349,0.526621,0.4791667,0.5721235,0.4733728,0.524385,0.5196767,0.5423625,0.5206949,0.5196189,0.4312703,0.6701978,0.5070251,0.5040098,0.513475,0.4915609,0.5097614,0.5118223,0.4742491,1
0.7643573,0.2550135,0.4211144,0.4050523,0.5379229,0.4756374,0.4522963,0.3149029,0.3953377,0.4537851,0.6047565,0.5926265,0.4048448,0.7527998,0.704771,0.5161129,0.4213977,0.5626515,0.7966114,0.3522893,0
0.4842753,0.5292988,0.4620397,0.5015244,0.5652687,0.5077069,0.6099815,0.4180074,0.4896053,0.4056044,0.52728,0.5157902,0.3820283,0.3711396,0.5731956,0.5560388,0.4511787,0.5775169,0.4957078,0.4129208,1
0.706928,0.6110795,0.4551971,0.5831156,0.585391,0.4322449,0.3789279,0.5249641,0.5386136,0.5923225,0.5909,0.5718314,0.2683902,0.6061223,0.4983689,0.4217168,0.6925652,0.5845987,0.7620482,0.3396752,0
0.3524764,0.5152183,0.6800261,0.4157956,0.7199823,0.5194682,0.3564624,0.6379636,0.5465204,0.5985417,0.6539205,0.5680953,0.5712275,0.55094,0.4080468,0.6040211,0.3853396,0.517545,0.8385542,0.4463029,0
0.6035399,0.5020623,0.4626914,0.5335366,0.2537775,0.4627803,0.6844163,0.2881638,0.2029173,0.5866038,0.3583372,0.4288031,0.6178235,0.4953506,0.4868833,0.360616,0.6198214,0.4486411,0.5075301,0.2276814,0
0.5404892,0.7355283,0.6113392,0.3526423,0.4802831,0.3719775,0.718399,0.9475036,0.4909686,0.508185,0.3971088,0.4631327,0.4102526,0.3067943,0.5419329,0.3707401,0.6770819,0.540194,0.842244,0.4996167,0
0.7355667,0.653321,0.3340502,0.5034843,0.6305742,0.5971949,0.6881132,0.3402825,0.6658714,0.4993924,0.6932916,0.5517412,0.1918661,0.415394,0.2730733,0.4774704,0.6217743,0.6132449,0.6269578,0.2506795,0
0.5401094,0.6265112,0.4433366,0.5215592,0.568733,0.6222515,0.5534623,0.6011028,0.4227387,0.545357,0.5536606,0.5109262,0.5580413,0.5637684,0.5463504,0.5149722,0.5165992,0.6169453,0.6130271,0.5291658,1
0.5369189,0.2792633,0.5727599,0.648374,0.3902853,0.5115786,0.5233898,0.5454339,0.48906,0.7219958,0.5142895,0.3280699,0.4168457,0.4963687,0.6601876,0.5092685,0.5164598,0.7455021,0.5713856,0.2198063,0
0.6613491,0.4475181,0.4450961,0.629791,0.4008255,0.5370736,0.3760842,0.5216406,0.5250494,0.327972,0.3387516,0.5273509,0.2895029,0.4994231,0.09793394,0.4345501,0.384712,0.8077708,0.4201807,0.6862499,0
0.6044515,0.5430949,0.5174975,0.5566202,0.5293728,0.4951421,0.7498934,0.6033688,0.6033672,0.5647295,0.4887749,0.4517834,0.4830728,0.5034956,0.528952,0.4875232,0.533617,0.6121603,0.5864458,0.5052617,1
0.3149499,0.6563078,0.5681981,0.4687863,0.6095673,0.4958726,0.6586805,0.7741521,0.4698385,0.3910215,0.5094931,0.2976174,0.5644863,0.381253,0.5841376,0.3768002,0.5590041,0.4765216,0.507003,0.3743118,0
0.5894865,0.5008534,0.5511242,0.7070267,0.58716,0.584703,0.712356,0.5237556,0.4155818,0.5856745,0.4923723,0.5580854,0.4333654,0.5513473,0.5190295,0.5200342,0.6427675,0.5931479,0.6286145,0.4669315,1
0.4136281,0.5602332,0.3937439,0.4298055,0.5907717,0.321426,0.5430826,0.4220107,0.5052144,0.2575595,0.3187662,0.6223037,0.4762575,0.7242245,0.4623488,0.5475546,0.5132515,0.3958147,0.5504518,0.4288801,0
0.515117,0.6681837,0.4787879,0.54036,0.6342596,0.3585361,0.5044789,0.4356069,0.7777929,0.4923869,0.5507295,0.6430988,0.5464849,0.3604154,0.7683159,0.490375,0.48361,0.4016205,0.5714608,0.3036449,0
0.4733364,0.5672735,0.6516129,0.5163327,0.597258,0.4768792,0.6623774,0.4973941,0.4172176,0.5024662,0.525015,0.5347525,0.5822654,0.6520057,0.4985728,0.6244831,0.5529363,0.5745821,0.4887048,0.5235905,1
0.5814342,0.5841274,0.5373086,0.5781794,0.5657846,0.485134,0.5876582,0.5687741,0.4720196,0.4702266,0.5655853,0.5357395,0.4540336,0.5106903,0.5324861,0.4995722,0.4857023,0.5885543,0.5121988,0.3940344,1
0.5053175,0.6319158,0.5042033,0.5195993,0.5315103,0.5850683,0.7518129,0.5164287,0.4767909,0.4971763,0.6220105,0.5670379,0.5559671,0.5935655,0.483621,0.5615286,0.5796485,0.5604823,0.6881024,0.4959231,1
