0.554415,0.2067282,0.3749261,0.3119673,0.2275893,0.2812773,0.2864829,0.6153541,0.5859,0.5483444,1
0.3523258,0.2999501,0.6069189,0.09239687,0.1007557,0.4488383,0.4179217,0.3682628,0.9409711,0.8234913,1
0.3226208,0.1046532,0.3784447,0.196045,0.1843236,0.2902305,0.7104108,0.58894,0.1041389,0.56769,1
0.07475655,0.02614068,0.09636309,0.5932492,0.4120611,0.4791119,0.605095,0.5260759,0.9644167,0.498046,1
0.1068187,0.07267554,0.2639858,0.2649165,0.209068,0.4666262,0.6226949,0.5002524,0.5140889,0.3759307,1
0.1972518,0.1247443,0.3790065,0.3366292,0.2579641,0.3922533,0.5081868,0.5503447,0.08478223,0.5826745,1
0.2281624,0.1754917,0.4753104,0.1733152,0.1329086,0.4048706,0.6763127,0.4559722,0.1756389,0.6277543,1
0.3364131,0.05463527,0.2698699,0.8424821,0.6123871,0.3578435,0.3758878,0.5557351,0.3112222,0.6791889,1
0.3916764,0.1566534,0.4032229,0.117968,0.08875389,0.5246902,0.4393041,0.4532634,0.3127311,0.643545,1
0.333876,0.05677349,0.2761975,0.403114,0.2966365,0.3675621,0.4007114,0.5130658,0.5765478,0.3479646,1
0.08445726,0.05394139,0.1605854,0.5740424,0.4086532,0.4083144,0.5539635,0.5019496,0.5263377,0.4952146,1
0.05224534,0.06014658,0.2340331,0.6200705,0.4614017,0.4360899,0.5981763,0.5782452,0.8936745,0.4505364,1
0.2866792,0.09775141,0.3790361,0.1942266,0.1456512,0.455257,0.7142949,0.5439667,0.4550222,0.6151046,1
0.05803631,0.04433736,0.2243643,0.4217525,0.279597,0.4176885,0.5564693,0.5742319,0.9811467,0.5417781,1
0.05924397,0.04641083,0.1472502,0.5141494,0.4279152,0.4539653,0.602275,0.5515447,0.3924067,0.3050698,1
0.3511133,0.08233613,0.2605854,0.3286737,0.2736702,0.2301186,0.7834469,0.5599246,0.008361111,0.4641791,1
0.2440754,0.256575,0.4529569,0.2693488,0.1826937,0.3963764,0.7029353,0.4671363,0.2432589,0.7087939,1
0.04411787,0.03463036,0.1834418,0.6714399,0.4787376,0.4436645,0.6092312,0.5119362,0.3500889,0.3308263,1
0.4119208,0.06995382,0.2983442,0.4281169,0.3156023,0.5423368,0.7716015,0.4890696,0.5624533,0.2546858,1
0.2702072,0.2033177,0.4761088,0.1236504,0.09008741,0.5064493,0.7233637,0.576639,0.2465456,0.6199976,1
0.07745469,0.04427729,0.148906,0.5408569,0.436361,0.4528255,0.5661051,0.575959,0.1910489,0.4638398,1
0.04146399,0.04126265,0.07362506,0.6743948,0.4822937,0.4410308,0.5964181,0.5174886,0.7627245,0.1243129,1
0.1406415,0.1122637,0.2147842,0.3548131,0.2563343,0.4814711,0.6670834,0.4435801,0.9683055,0.2913909,1
0.03457025,0.04553635,0.1540804,0.6748494,0.4722181,0.4477302,0.5695275,0.5465147,0.2074256,0.1743687,1
0.2053396,0.1150678,0.3067415,0.3853847,0.3007853,0.4837503,0.7358617,0.5810753,0.9950166,0.5355312,1
0.7919492,0.2707877,0.3800414,0.2507103,0.2264039,0.89294,0.07790972,0.6428712,0.8311711,0.2923521,1
0.1578237,0.05065527,0.3180662,0.3194681,0.2197362,0.3835728,0.6671659,0.5179023,0.2290911,0.6194978,1
0.05746097,0.04310209,0.1243052,0.6568928,0.4505853,0.4284722,0.5781221,0.5220411,0.1156011,0.3734626,1
0.06591279,0.02886708,0.1422236,0.6890556,0.5612683,0.4162476,0.6065911,0.5000616,0.7195367,0.3742035,1
0.2880772,0.03523453,0.1566233,0.6217752,0.4901467,0.3465094,0.6396846,0.5326605,0.3688589,0.4595024,1
0.3177013,0.1677204,0.3513897,0.3416297,0.3040451,0.3638404,0.4181028,0.6172499,0.3806978,0.5960874,1
0.5280447,0.39862,0.4189533,0.1429708,0.1044599,0.5366389,0.7978147,0.3099558,0.6173444,0.5437834,1
0.3199129,0.1641648,0.3398876,0.3041255,0.1912876,0.4230487,0.4098538,0.6400463,0.1328678,0.739091,1
0.08402348,0.08619483,0.2683323,0.3457211,0.2733738,0.4618821,0.620409,0.5572373,0.05494,0.3732034,1
0.04688695,0.06294241,0.1251626,0.603705,0.4379908,0.4244167,0.5469487,0.5563157,0.9557378,0.3706927,1
0.1295106,0.1190829,0.2874039,0.2043414,0.150689,0.3665128,0.6293083,0.4726448,0.1657911,0.5863445,1
0.4035894,0.2559415,0.4849497,0.2327537,0.2040302,0.5244225,0.4491427,0.393321,0.6229889,0.8004465,1
0.1365474,0.09095412,0.2837374,0.2107058,0.1680249,0.4548818,0.5250961,0.5694145,0.1560889,0.1388877,1
0.3361494,0.09627627,0.3994678,0.2628708,0.1821011,0.3391945,0.6691037,0.4721645,0.4309778,0.614616,1
0.219369,0.06301925,0.3727085,0.1167178,0.09868129,0.4862985,0.7055979,0.5925424,0.9333478,0.4382896,1
0.0774265,0.05760623,0.2238912,0.4560746,0.3302711,0.4350328,0.6102055,0.5042864,0.05732222,0.3594157,0
0.3482594,0.3678109,0.5885275,0.1031936,0.08253074,0.5163485,0.7317007,0.8028831,0.75561,0.7593684,1
0.03565059,0.04507649,0.1156416,0.6881464,0.5750481,0.4430753,0.585441,0.5533273,0.6068222,0.1779337,1
0.06547719,0.05109563,0.1552927,0.601091,0.543488,0.4644423,0.608934,0.5235395,0.008825555,0.2539318,1
0.576139,0.3194756,0.3332052,0.2415047,0.1699511,0.4032493,0.1291455,0.3753372,0.3461778,0.4108988,1
0.07467198,0.03915681,0.186576,0.5358564,0.3744259,0.4179765,0.6231426,0.5109468,0.2068111,0.4200799,1
0.3124572,0.1180574,0.4232111,0.1882032,0.1678767,0.3105881,0.6376514,0.5709899,0.03790333,0.4852381,1
0.5047948,0.2455976,0.4691603,0.1272872,0.0946807,0.4325323,0.4958249,0.3588668,0.1513655,0.1769068,1
0.1169562,0.04134963,0.1911295,0.4167519,0.353682,0.4796109,0.6382571,0.5037671,0.1583689,0.3301872,1
0.1209372,0.09406862,0.2890302,0.4331174,0.3095273,0.4393952,0.5272088,0.576387,0.9982956,0.4257366,1
0.1273041,0.05176612,0.2669722,0.5202864,0.3716106,0.4697523,0.6039925,0.5486749,0.1100389,0.4345492,1
0.05249815,0.04638977,0.1765523,0.6824639,0.4605127,0.4503348,0.6188333,0.5181535,0.5297722,0.2611998,1
0.2676776,0.1977007,0.5003844,0.2619616,0.2127723,0.4079078,0.4241169,0.574684,0.07178889,0.7566121,1
0.07530309,0.03077946,0.1360438,0.6120013,0.4258409,0.4296173,0.6089656,0.5195296,0.08655778,0.3376445,1
0.08601806,0.08523765,0.259107,0.2912831,0.2149948,0.4076582,0.5480431,0.4951482,0.2186778,0.2113473,0
0.6641277,0.2451923,0.3738616,0.2136607,0.2212179,0.2147516,0.2990537,0.4153063,0.8113622,0.5657336,1
0.2051999,0.06364682,0.2704021,0.3335606,0.3000444,0.3793971,0.6044599,0.5605779,0.3060067,0.5386103,1
0.05375492,0.04246086,0.1681254,0.631549,0.5148911,0.448934,0.612877,0.5131912,0.3629556,0.4181822,1
0.2098341,0.0892668,0.261029,0.2202523,0.1650615,0.3488534,0.7075136,0.5790712,0.0745,0.6118888,1
0.6788561,0.6273245,0.6747487,0.01102398,0.01615054,0.2690012,0.1703667,0.7058179,0.04237111,0.3563522,1
0.2311216,0.2159992,0.5130692,0.07182635,0.04874796,0.556183,0.4829428,0.4231677,0.4654967,0.08000046,1
0.07682449,0.05668378,0.1669131,0.5311968,0.3624241,0.411166,0.5443795,0.5711988,0.4320778,0.3605021,1
0.05348847,0.002315295,0.05381433,0.9019207,0.7064751,0.4570314,0.6013998,0.5323984,0.8407311,0.3612585,1
0.0578035,0.04353153,0.1708752,0.5799522,0.3917617,0.4508469,0.6181889,0.5174673,0.4122145,0.4076051,1
0.2068365,0.2365478,0.4790361,0.1668371,0.1253519,0.4826881,0.6818834,0.4720742,0.9110222,0.6625228,1
0.04430915,0.04892348,0.131638,0.6291624,0.422433,0.4462487,0.5592577,0.5504689,0.59206,0.2015896,1
0.1292238,0.03510153,0.2390893,0.4469826,0.331901,0.4452605,0.6425607,0.5296904,0.7441466,0.222138,1
0.1402719,0.0632521,0.2071851,0.4490283,0.3628685,0.4624428,0.6662455,0.5739082,0.9724078,0.4571663,1
0.3867324,0.3035046,0.3688941,0.3653824,0.303156,0.3967701,0.2726622,0.3780879,0.9453444,0.5464925,1
0.140365,0.08953593,0.2477528,0.5859756,0.4984442,0.40815,0.4898568,0.5741604,0.2570222,0.1773381,1
0.05967744,0.06048436,0.1481964,0.4323219,0.3071566,0.4519852,0.6063156,0.5013036,0.2105889,0.5205192,1
0.3702977,0.2631827,0.5883205,0.08557791,0.08208624,0.4569336,0.6897293,0.638467,0.7446823,0.6421266,1
0.05927216,0.0594917,0.1663217,0.5016479,0.3455327,0.4382184,0.5515807,0.493577,0.03341222,0.1957192,1
0.05336752,0.04135158,0.1350089,0.6488237,0.48259,0.4260848,0.5513937,0.5182915,0.4758856,0.2572222,1
0.3102047,0.2379816,0.4529864,0.2992386,0.2170692,0.4099696,0.3904273,0.694998,0.4087167,0.7830939,1
0.04855021,0.03206427,0.1959492,0.8379361,0.5882353,0.4584335,0.6160484,0.5532557,0.5823778,0.29658,1
0.1228027,0.03391229,0.2899468,0.4611888,0.323159,0.4649744,0.6053272,0.5521311,0.9619622,0.2189806,1
0.4006975,0.2542211,0.390065,0.3337879,0.2764854,0.3392332,0.4215565,0.3662364,0.7246667,0.5257976,1
0.1015716,0.05638266,0.232466,0.3256052,0.2256631,0.4078837,0.5868641,0.5643073,0.06754556,0.361018,1
0.08086792,0.1141683,0.291573,0.2752585,0.1983998,0.4629927,0.6268892,0.5951309,0.3351645,0.4480904,1
0.2947694,0.2953519,0.3812242,0.2370724,0.166395,0.3917977,0.3882628,0.6930307,0.7906444,0.467634,1
0.140255,0.04340827,0.3046718,0.3550404,0.2533709,0.4379296,0.5518283,0.5183464,0.7543555,0.09017185,1
0.1542122,0.07025923,0.1743052,0.5240368,0.420655,0.4134373,0.4933919,0.5698039,0.8832778,0.4888083,1
0.7811618,0.1732657,0.2892372,0.4893738,0.4944436,0.1643365,0.8213637,0.5998747,0.04656556,0.5014654,1
0.05879443,0.04974062,0.2120047,0.6282532,0.4993333,0.4750109,0.6261685,0.5038021,0.4648222,0.4663064,1
0.1617004,0.08516628,0.3519515,0.191499,0.1246111,0.4564392,0.6835539,0.5064188,0.1774089,0.2145742,1
0.02627545,0.04293944,0.1147546,0.8155472,0.6832123,0.4567656,0.5697629,0.5326149,0.3058589,0.3257039,1
0.08703142,0.04068772,0.2916913,0.4515286,0.3652393,0.5035291,0.63888,0.5169966,0.7906555,0.2979981,1
0.4500619,0.08403165,0.2940568,0.4694852,0.413691,0.3179933,0.7311322,0.4877387,0.3654744,0.6894206,1
0.1045204,0.07809363,0.2030159,0.3170815,0.228182,0.3948875,0.5439019,0.4998194,0.21978,0.274506,1
0.07734769,0.06395418,0.1311059,0.5615411,0.4486591,0.4692244,0.628299,0.5462529,0.6750778,0.4716581,1
0.3712577,0.2375054,0.4557658,0.1380839,0.1007557,0.3309208,0.3965666,0.4079356,0.2290667,0.4605267,1
0.3045149,0.3717773,0.5157894,0.06898511,0.05719366,0.5094109,0.4762772,0.6075404,0.8004678,0.6558903,1
0.05360609,0.04344533,0.07770546,0.6314354,0.4950363,0.4577458,0.6153766,0.542152,0.4900889,0.3420388,1
0.3673567,0.09898823,0.2544944,0.4010683,0.2529263,0.5878927,0.4815042,0.5988826,0.1642656,0.1849949,1
0.6407435,0.5778136,0.74178,0.03727696,0.01318714,0.2419923,0.335764,0.8554348,0.7399589,0.6005826,1
0.6606814,0.3406628,0.3857777,0.2263894,0.1823974,0.1459547,0.4372978,0.7381725,0.7027222,0.5030878,1
0.06687431,0.06288234,0.1867534,0.5259688,0.393688,0.4443241,0.6233068,0.4938909,0.53026,0.3861354,1
0.08191825,0.08244495,0.2205204,0.4032277,0.2782634,0.4874568,0.5456976,0.5573257,0.2086822,0.5092968,1
0.5650111,0.291334,0.4638675,0.2277531,0.1677286,0.645691,0.8509527,0.3485965,0.8065922,0.7440451,1
0.07407057,0.04260674,0.1391484,0.6102967,0.5094088,0.4520586,0.6011515,0.5542794,0.9550133,0.3418072,1
0.06302973,0.05901897,0.1945594,0.4568701,0.3369388,0.4547961,0.6111147,0.5599129,0.2271467,0.340748,0
0.03703741,0.0324664,0.2220875,0.5204,0.3535339,0.419086,0.6036065,0.5358282,0.9913023,0.2951576,1
0.4915144,0.2657901,0.7732702,0.08273668,0.0188176,0.267676,0.7490481,0.4376469,0.3177633,0.4574038,1
0.2990792,0.2205424,0.4342105,0.1592226,0.1118684,0.548658,0.7595622,0.6096612,0.9697945,0.2373873,1
0.1110295,0.04609021,0.2103785,0.5410842,0.4532523,0.4500127,0.6441914,0.5477308,0.1111044,0.2358903,1
0.3956695,0.2056513,0.3615908,0.2610524,0.2207734,0.3736729,0.4057551,0.6502328,0.22162,0.5026809,1
0.04920648,0.04837313,0.1538439,0.5582452,0.3859831,0.4638458,0.5963564,0.5177522,0.8326,0.2874603,1
0.1900265,0.04502695,0.3118864,0.2125242,0.2056601,0.4351468,0.5341797,0.5534999,0.8611622,0.1081848,1
0.1589186,0.1122392,0.3795683,0.1804751,0.1185361,0.5599208,0.5459718,0.5402461,0.002225555,0.4118948,1
0.5710616,0.3671915,0.4311946,0.2115013,0.1474293,0.272042,0.2644128,0.8378699,0.1754444,0.5512428,1
0.03935149,0.02558799,0.1560615,1,0.7266262,0.4521363,0.5670306,0.5504836,0.3433,0.344853,1
0.2941085,0.2619985,0.3675931,0.2400273,0.1899541,0.3958548,0.3673893,0.6765322,0.5369889,0.2122739,1
0.1004085,0.06393272,0.2746008,0.366178,0.2315899,0.4025336,0.5258659,0.5054131,0.5985378,0.4249302,1
0.5996075,0.08224954,0.2337966,0.3761791,0.2416654,0.2047207,0.7936509,0.4874582,0.3482733,0.4534054,1
0.04740196,0.02081386,0.09571262,0.6792818,0.5402282,0.4142516,0.5565863,0.5470166,0.3393022,0.4746608,1
0.09337649,0.07341272,0.2292135,0.3685646,0.2557416,0.4016012,0.5100312,0.566866,0.2906167,0.1505221,1
0.3615564,0.1358691,0.269929,0.4843732,0.28745,0.5242242,0.7828962,0.4618939,0.61347,0.5142221,1
0.04331883,0.04470478,0.174039,0.6554154,0.5365239,0.4520326,0.6357989,0.5396509,0.2110367,0.4233282,1
0.05810511,0.0409826,0.1775872,0.5877941,0.465106,0.4728205,0.6307608,0.5411591,0.9543467,0.4368949,1
0.3796465,0.1283589,0.2925783,0.3382203,0.2370722,0.5248381,0.8082939,0.4568064,0.932,0.1486225,1
0.07310844,0.03702834,0.2212005,0.5898398,0.4323604,0.4836276,0.6020154,0.5387109,0.3877911,0.4115511,1
0.344734,0.3039137,0.3821703,0.3645869,0.2975256,0.4124251,0.3075332,0.6689715,0.4211766,0.7069041,1
0.06836903,0.07361827,0.2063572,0.5022162,0.4393243,0.434688,0.6390955,0.5116708,0.4714489,0.2908693,1
0.7863735,0.4568613,0.449113,0.1143312,0.08964291,0.1646837,0.3760597,0.7671246,0.7577888,0.3318401,1
0.05072031,0.03816181,0.1380248,0.6787135,0.4428805,0.4503435,0.5712574,0.521204,0.0619,0.3369065,1
0.6196621,0.3974538,0.7494383,0.0475054,0.04193214,0.169108,0.3548354,0.7603641,0.93888,0.716338,1
0.1615094,0.07886514,0.2193081,0.4660757,0.3453845,0.4213664,0.4844556,0.5643978,0.2900944,0.4375296,1
0.2306896,0.1420661,0.3739799,0.237527,0.1770633,0.2959962,0.7280813,0.6384338,0.9115789,0.5696855,1
0.4126571,0.1558971,0.4492608,0.1535402,0.1342421,0.2936173,0.6908631,0.6145678,0.4749222,0.3674504,1
0.04838895,0.04086168,0.1089001,0.6982611,0.4680693,0.4516067,0.550383,0.5621712,0.88316,0.3246478,0
0.2048661,0.04867074,0.3390893,0.250483,0.186398,0.5125117,0.5557308,0.5205375,0.9469589,0.4503523,1
0.05190524,0.06719076,0.1916322,0.4590294,0.3599052,0.4676174,0.6010631,0.5628237,0.2535222,0.1735617,1
0.1332545,0.04484168,0.2847132,0.3492442,0.2406282,0.4746718,0.6001366,0.521933,0.9104267,0.3039409,1
0.03632111,0.04743157,0.1239503,0.8470281,0.5851238,0.4651267,0.5951249,0.5764334,0.1997656,0.4817633,1
0.2711557,0.1775406,0.2906269,0.352881,0.2634465,0.3667362,0.4897076,0.6475974,0.5562155,0.3078797,1
0.04562108,0.04802599,0.1899764,0.6430276,0.438139,0.4477395,0.5561637,0.5121143,0.62808,0.2644611,1
0.2890384,0.2511713,0.4125369,0.2521878,0.1992888,0.3467965,0.4212846,0.6271082,0.07743333,0.6804635,1
0.1745539,0.0671615,0.2647842,0.3398114,0.2592977,0.3714668,0.5163171,0.505791,0.9276834,0.2527371,1
0.04654623,0.03829364,0.07850383,0.6345039,0.4274707,0.4682109,0.5894541,0.5278275,0.14545,0.266905,1
0.07403238,0.05925962,0.2046718,0.4528924,0.345829,0.4765338,0.6184518,0.5564977,0.1079211,0.4906454,1
0.05599686,0.03110008,0.1618273,0.7673599,0.5263003,0.4694325,0.596887,0.5591126,0.9784455,0.1507689,1
0.0776493,0.045887,0.2451803,0.5480168,0.4582901,0.4703441,0.6239289,0.5569809,0.2273333,0.5611137,1
0.07527338,0.06015009,0.2045239,0.3526537,0.3001926,0.4091467,0.545029,0.5619988,0.2113867,0.1254315,1
0.06262172,0.05347411,0.1761384,0.5499489,0.4711809,0.4624513,0.6136832,0.5498534,0.4128611,0.4006252,1
0.4100551,0.2073761,0.4185393,0.1685419,0.1327604,0.5979955,0.7564517,0.3880544,0.3138833,0.4772278,1
0.07116479,0.05611354,0.1473388,0.7046255,0.5685287,0.4751511,0.602246,0.5146318,0.7906378,0.3687511,1
0.2067112,0.2404615,0.3486398,0.1497898,0.116758,0.4458437,0.534889,0.3505164,0.94243,0.3092868,1
0.08468824,0.04447348,0.1957126,0.6371179,0.4319158,0.4841046,0.5461874,0.5526763,0.04894445,0.5681418,1
0.1293075,0.1727103,0.3971023,0.1363791,0.08104904,0.3912444,0.5434467,0.6212705,0.1736033,0.308132,1
0.2547798,0.2414261,0.5027498,0.2086601,0.1687658,0.3811697,0.4909239,0.4219754,0.2778044,0.7672203,1
0.407457,0.2324063,0.4247191,0.1469485,0.1155727,0.3143156,0.3968855,0.6284946,0.8437322,0.2688942,1
0.2055806,0.1744046,0.4654051,0.2141152,0.1955845,0.4282737,0.4720065,0.5971089,0.3152889,0.7328884,1
0.3498262,0.102829,0.2856889,0.1955904,0.1625426,0.596177,0.4233683,0.5606769,0.9983755,0.3665552,1
0.05723483,0.06366984,0.2211709,0.4894875,0.4191732,0.4239311,0.5885578,0.5673808,0.1440889,0.4907465,1
0.05021651,0.05647003,0.1691011,0.5742698,0.4427323,0.4306339,0.5684317,0.5048754,0.9404367,0.4966905,1
0.04504817,0.02911047,0.04024244,0.8315717,0.6753593,0.444213,0.5712852,0.5444579,0.6643144,0.4331373,1
0.04695909,0.04050519,0.1486399,0.7250823,0.4871833,0.4342495,0.6130843,0.5626386,0.01853333,0.4370561,1
0.1964507,0.09973673,0.269042,0.3637913,0.238702,0.5294588,0.4978195,0.5711024,0.06349555,0.3012141,1
0.07301296,0.05438603,0.2104967,0.4616434,0.323159,0.4524482,0.6127933,0.5153971,0.7701911,0.4612332,1
0.274956,0.2148045,0.3493199,0.259234,0.193362,0.5213733,0.7490669,0.6718522,0.5645722,0.5718567,1
0.03294154,0.03913769,0.09976348,0.6398454,0.4200622,0.4450204,0.5725628,0.558709,0.9558278,0.5413797,1
0.08029743,0.04340047,0.1977528,0.4481191,0.3504223,0.4556817,0.626009,0.5165354,0.3347367,0.2720621,1
0.0481128,0.02519171,0.08586632,0.9115808,0.7860424,0.4264304,0.5519907,0.5196556,0.8520144,0.1416594,1
0.05492894,0.03335492,0.1082791,0.7800887,0.5652689,0.4184989,0.5639122,0.5564482,0.9071255,0.4627764,1
0.02490956,0.04324758,0.1157008,0.9548812,0.6747667,0.4523517,0.6070973,0.5604786,0.66517,0.4175269,1
0.1287679,0.06624686,0.2070964,0.5984771,0.5953475,0.4576757,0.6539438,0.4947407,0.8257978,0.2580849,1
0.5465446,0.4864421,0.5474867,0.1105807,0.09393984,0.7591462,0.2641111,0.1082441,0.9707222,0.4229547,1
0.06613588,0.07358395,0.2160852,0.3744744,0.2975256,0.4261819,0.56331,0.566748,0.5724,0.4908355,1
0.0507582,0.01253793,0.1352749,0.8432776,0.6132761,0.462749,0.6232901,0.5258192,0.7229889,0.5278721,1
0.3349824,0.2567197,0.394382,0.2915104,0.2751519,0.3430177,0.4855112,0.3287632,0.15893,0.5357697,1
0.05435057,0.07171057,0.1845062,0.4799409,0.3846496,0.4271918,0.6102522,0.5678223,0.2627556,0.1859122,1
0.2587438,0.09452458,0.181845,0.3544721,0.2486294,0.4411678,0.4148249,0.590607,0.1168889,0.1421996,0
0.5926837,0.2569779,0.4417505,0.1974088,0.1499481,0.2484425,0.3630865,0.6841795,0.8057988,0.6066508,1
0.168351,0.07609193,0.1855411,0.4667576,0.3695362,0.3853754,0.5235642,0.4941084,0.9664367,0.4780654,1
0.1330487,0.07104633,0.257806,0.3012843,0.2192917,0.460635,0.6498384,0.5459198,0.50103,0.4832973,1
0.02610054,0.03043739,0.1370195,0.6567792,0.5003704,0.466228,0.609475,0.5237085,0.7267355,0.2307606,1
0.2237428,0.1199082,0.2618569,0.2899193,0.2385539,0.4943998,0.6773188,0.5881751,0.5999045,0.5701011,1
0.2979735,0.1906795,0.4153755,0.2376406,0.2049192,0.3412707,0.6660442,0.5794603,0.09848889,0.6684743,1
0.4624781,0.1105862,0.4780308,0.2024094,0.1481701,0.3855638,0.2745619,0.4857682,0.5194889,0.1609403,1
0.2502068,0.1849681,0.5754879,0.1139902,0.09438436,0.5216467,0.7287054,0.6597528,0.5329633,0.4530447,1
0.4725601,0.3108709,0.6074512,0.128651,0.09675508,0.3654985,0.3010098,0.4536284,0.3916111,0.7210843,1
0.03453872,0.02467958,0.1644885,0.60791,0.5150393,0.4228688,0.6003222,0.5065674,0.5993267,0.4469447,1
0.145891,0.04640654,0.3431993,0.2332083,0.1606164,0.4858789,0.6393581,0.5166168,0.4039433,0.2807796,1
0.08649731,0.04438377,0.1384979,0.5750653,0.3877611,0.418129,0.5519141,0.5260049,0.7470689,0.1311613,1
0.09307276,0.06460165,0.1710231,0.457552,0.3188621,0.4863361,0.6164236,0.5085397,0.4249111,0.4209025,1
0.2135592,0.0630602,0.341987,0.3135584,0.1703956,0.3501663,0.6418468,0.5692128,0.3078689,0.5621591,1
0.03243926,0.02174529,0.1754583,0.7884987,0.6713587,0.4481798,0.6090242,0.5630295,0.3989511,0.1511899,1
0.05224261,0.04771357,0.1727972,0.8774861,0.6289821,0.4539574,0.5836495,0.5619705,0.7131833,0.5040734,1
0.4356258,0.2065558,0.4247782,0.08375952,0.05778633,0.6854239,0.5863101,0.6445225,0.1717144,0.4590019,1
0.02654827,0.03340952,0.193495,0.6858733,0.465106,0.4556835,0.6118872,0.5473025,0.2975511,0.229082,1
0.05348666,0.06709559,0.1083974,0.6501875,0.4559194,0.4024527,0.6099691,0.5769563,0.3177411,0.09925317,1
0.369251,0.2049516,0.3472797,0.2244573,0.1579493,0.3913793,0.7495624,0.4332126,0.6821689,0.6331703,1
0.05988296,0.05509552,0.2858959,0.3523128,0.2610757,0.4309035,0.5424762,0.560913,0.9529289,0.5384536,1
0.1854974,0.1183324,0.1743052,0.3834527,0.2898207,0.4135615,0.4705412,0.4831294,0.7422156,0.2276235,1
0.0680362,0.08139613,0.1905381,0.4324355,0.3329382,0.4507338,0.6059454,0.5190876,0.1731911,0.2662669,1
0.73148,0.5332785,0.456505,0.1356972,0.1078678,0.23362,0.2860423,0.8647659,0.2395,0.2441426,1
0.368957,0.326136,0.3876996,0.1700193,0.1317232,0.5449464,0.7234955,0.2892206,0.7803222,0.4597781,1
0.07481445,0.08919659,0.2070372,0.3978862,0.2877463,0.472908,0.6342359,0.5208175,0.5066978,0.1831905,1
0.1361946,0.05052578,0.218835,0.7187181,0.5628982,0.4929198,0.6236135,0.5081083,0.05944667,0.3162928,1
0.5132951,0.1975533,0.4462153,0.1761564,0.1658023,0.2971806,0.435733,0.4264423,0.9519833,0.5716981,1
0.3204564,0.1125028,0.3921053,0.2613933,0.2232923,0.3666585,0.6466149,0.485482,0.08194,0.6507111,1
0.05737578,0.07188883,0.2381135,0.45562,0.3247889,0.4652933,0.6217003,0.5640905,0.03162444,0.101596,0
0.05616297,0.04482881,0.1794796,0.6581429,0.5381538,0.4806675,0.640356,0.5659275,0.08724,0.4394372,1
0.08808751,0.03262437,0.1337374,0.5499489,0.3976886,0.4429806,0.5995588,0.5265231,0.6832111,0.4223903,1
0.04452437,0.035765,0.1761088,0.6968973,0.4899985,0.4256534,0.5636947,0.5291595,0.8791133,0.3531052,1
0.3559567,0.2236623,0.3531638,0.2399136,0.1343903,0.524384,0.8015106,0.5977505,0.1130133,0.5752327,1
0.07695059,0.07570852,0.1806032,0.4409592,0.3299748,0.4215162,0.5450671,0.4989839,0.136,0.467895,0
0.04102991,0.063593,0.2177114,0.5724514,0.4245073,0.4572987,0.6032864,0.4987229,0.06666222,0.271097,1
0.1681037,0.05172594,0.2254287,0.389817,0.3087865,0.4815545,0.6962332,0.5171158,0.06911111,0.4996889,1
0.0735016,0.04863602,0.2165583,0.4398227,0.331901,0.4939658,0.5742954,0.50687,0.8631955,0.2562074,1
0.05161878,0.02322238,0.08811354,0.8824866,0.8407172,0.4598404,0.6148196,0.5501814,0.5313,0.3921948,1
0.07336973,0.05590135,0.2141632,0.4564155,0.3819825,0.4584604,0.605772,0.5438327,0.05725,0.2925546,0
0.4596444,0.4007302,0.3243347,0.1922946,0.1572085,0.2362412,0.4329131,0.7779636,0.6651322,0.3160431,1
0.4881015,0.3023286,0.572738,0.07887261,0.0703808,0.3386002,0.7588935,0.6978657,0.3785222,0.4841713,1
0.0437335,0.06937071,0.2471319,0.4864189,0.431175,0.4464836,0.5961493,0.5615708,0.4151878,0.4369076,1
0.06370723,0.06610332,0.2390302,0.4036822,0.2881908,0.4141755,0.5591025,0.5678231,0.2783622,0.1904012,1
0.1141578,0.02984687,0.2507097,0.4577793,0.3209364,0.397486,0.6145349,0.5462368,0.04591111,0.45819,1
0.2673745,0.1004985,0.3886753,0.1442209,0.1281671,0.419896,0.6576047,0.5840474,0.6496556,0.3438768,1
0.1224068,0.06695673,0.2078651,0.3051483,0.2459624,0.4605984,0.6589522,0.5169603,0.87304,0.4948598,1
0.05388284,0.0003779517,0.05079835,0.7970223,0.5837902,0.4559452,0.5710332,0.5562546,0.1723,0.2377508,1
0.3626974,0.2275854,0.2604672,0.3445846,0.2527782,0.2730187,0.4300673,0.6166443,0.2271711,0.3060834,1
0.02699811,0.04226311,0.09875813,0.8653256,0.6165358,0.4573512,0.5776531,0.5033386,0.5819778,0.4472123,1
0.06809925,0.07392446,0.1755766,0.4431185,0.3311602,0.4229318,0.5323793,0.546795,0.4837367,0.4197537,1
0.1316546,0.1078461,0.2077469,0.2887828,0.1921766,0.417,0.5286632,0.5767865,0.2042078,0.3481477,1
0.5740353,0.2873411,0.4524541,0.1424026,0.1203141,0.2318923,0.7410588,0.3520918,0.9451767,0.5730746,1
0.07644073,0.08710089,0.1743347,0.3967496,0.3185657,0.428529,0.6100278,0.5469238,0.08578111,0.473998,1
0.5400849,0.401834,0.6116796,0.04955109,0.04208031,0.3321036,0.2293769,0.3844569,0.7629334,0.3684045,1
0.05643367,0.04930417,0.2016262,0.5343789,0.3753149,0.4593533,0.6046979,0.5122906,0.1306467,0.277909,0
0.06265567,0.05271899,0.1940864,0.4528924,0.3120462,0.4428737,0.5472625,0.5543268,0.06534445,0.4918613,0
0.126068,0.07033255,0.2089887,0.4016365,0.2715958,0.4749105,0.691639,0.524746,0.8867689,0.3573854,1
0.06280573,0.0661158,0.1945594,0.4855097,0.3593125,0.4670949,0.5481073,0.5620169,0.4218889,0.4667337,1
0.1325767,0.05301737,0.2583974,0.331174,0.2410727,0.4636247,0.6409984,0.5527429,0.3642111,0.3808125,1
0.0756911,0.04213908,0.1895033,0.4149335,0.380649,0.4306779,0.6186723,0.5528111,0.7909389,0.4030969,1
0.1326907,0.04324095,0.3003548,0.3965223,0.2784116,0.4436269,0.6388618,0.5277972,0.2992222,0.3316783,1
0.3365192,0.2421605,0.3994678,0.20025,0.1443177,0.5277978,0.7779516,0.5119508,0.8302889,0.2274111,1
0.2167081,0.133853,0.404524,0.1155813,0.1195733,0.5435493,0.6702707,0.6023448,0.6822678,0.437971,1
0.05435057,0.07171057,0.1845062,0.4799409,0.3846496,0.4271918,0.6102522,0.5678223,0.2627556,0.1859122,1
0.1308865,0.155906,0.336369,0.1868394,0.1047563,0.4517755,0.6261413,0.6011722,0.727939,0.2937181,1
0.05018195,0.04005039,0.1180071,0.6908739,0.4968143,0.4471358,0.5540355,0.5261801,0.9653467,0.4485395,1
0.04467381,0.02282571,0.1229155,0.9642005,0.927693,0.4564456,0.61478,0.5462223,0.2350556,0.4492031,1
0.03604436,0.02746527,0.2051448,0.666553,0.4753297,0.4448726,0.6063213,0.5435216,0.2219744,0.4179851,1
0.3907185,0.180366,0.3559136,0.2088874,0.1656542,0.4404215,0.3556755,0.4421628,0.1581333,0.6784606,1
0.06454144,0.05769945,0.1974571,0.5078986,0.4351756,0.441363,0.538534,0.540588,0.8828111,0.4859962,1
0.2540532,0.09638119,0.2156712,0.4557336,0.3742777,0.4113347,0.3945213,0.5771375,0.1374611,0.2126077,1
0.3055698,0.3043654,0.4159373,0.2758268,0.2432953,0.4826217,0.66056,0.7677081,0.8915533,0.7888396,1
0.3559194,0.3266244,0.6242756,0.07648596,0.06400948,0.5180663,0.75633,0.4107198,0.8642444,0.6837612,1
0.07956629,0.0505601,0.1470727,0.525287,0.3856868,0.4364221,0.5465851,0.5059282,0.8997855,0.2084238,1
0.2077243,0.05591695,0.3414252,0.3340153,0.2376648,0.3900569,0.6846571,0.5182469,0.007155555,0.5765625,0
0.4236116,0.1632611,0.3234181,0.3660643,0.2575196,0.28915,0.7240563,0.4749518,0.07690778,0.6763373,1
0.08169091,0.05517236,0.1979302,0.6049551,0.511335,0.448377,0.6046807,0.5815355,0.4954856,0.3483638,1
0.01740956,0.02478333,0.2285334,0.6981475,0.473848,0.444999,0.5827156,0.5142178,0.6813866,0.3570318,1
0.1329059,0.07248286,0.2488173,0.3799296,0.3562009,0.3931738,0.5129026,0.5602009,0.4580267,0.1827654,1
0.09499187,0.08656614,0.2241573,0.3741334,0.2427026,0.4601757,0.577542,0.4977494,0.3615611,0.2761788,1
0.3097136,0.3257514,0.6156121,0.1102398,0.08445696,0.3437359,0.4524533,0.6565782,0.7479556,0.7358877,1
0.06279451,0.05728444,0.1780308,0.4760768,0.3450882,0.4488384,0.6157129,0.5068945,0.1095778,0.3494395,0
0.497644,0.6053233,0.6287108,0.07193999,0.05689732,0.4510846,0.3485558,0.7391203,0.95986,0.4874427,1
0.2195951,0.1798168,0.3346836,0.1585408,0.1166099,0.4571907,0.6500774,0.4289505,0.3197978,0.2825992,1
0.3495992,0.1654558,0.4972501,0.09853393,0.07452956,0.3253128,0.744437,0.4984675,0.05913333,0.4203328,1
0.1228815,0.04713787,0.2743643,0.3536766,0.250852,0.448939,0.5385377,0.5209824,0.7643878,0.4384744,1
0.1028338,0.04710199,0.157392,0.6224571,0.5463032,0.4728879,0.608596,0.5451897,0.08443333,0.103977,1
0.05100859,0.04505855,0.07850383,0.6557563,0.528671,0.4310138,0.5470134,0.5442376,0.7637978,0.1219934,1
0.05174033,0.06647113,0.1477823,0.594954,0.4402134,0.4615684,0.6181271,0.5542309,0.8784478,0.3651713,1
0.1178401,0.04566311,0.3138971,0.3256052,0.2455178,0.5033972,0.6264598,0.4966202,0.7025533,0.3998144,1
0.6432031,0.1423891,0.3368717,0.3296966,0.249963,0.2386502,0.7267135,0.622494,0.6815822,0.4847944,1
0.2475999,0.2331771,0.3715257,0.2405955,0.1764706,0.2753923,0.7459939,0.4867344,0.19471,0.4055344,1
0.04872603,0.05608428,0.1718214,0.5107399,0.4289524,0.442569,0.5942496,0.5507476,0.2904778,0.2425564,1
0.13795,0.04069202,0.3052927,0.3918627,0.2773744,0.4426787,0.6304439,0.5203918,0.5021555,0.3159746,1
0.1287046,0.08433276,0.2414252,0.4126605,0.3975404,0.4159872,0.4642344,0.579747,0.8822678,0.4920818,1
0.04403087,0.04341374,0.1798639,0.6712126,0.6285375,0.4437667,0.5765982,0.5643933,0.8397111,0.4477404,1
0.2336848,0.2198025,0.5221762,0.1013752,0.1050526,0.3060662,0.7160892,0.6129271,0.3839067,0.3975051,1
0.05004676,0.04182587,0.188971,0.7168996,0.5233368,0.452246,0.6088507,0.5137945,0.3081667,0.3028989,1
0.1137613,0.04269255,0.2719988,0.429367,0.3228626,0.473829,0.6147864,0.5210845,0.4496356,0.4220079,1
0.08042505,0.0469487,0.1886162,0.5510854,0.407616,0.4316353,0.6218049,0.5548723,0.4620911,0.3388605,1
0.1264211,0.04449182,0.2572146,0.4291397,0.3073048,0.4796011,0.6402766,0.5497067,0.2738889,0.1335256,1
0.1739655,0.1368645,0.3620934,0.3295829,0.2357386,0.4374455,0.642441,0.4782176,0.1907056,0.6749486,1
0.1309883,0.05251734,0.2665878,0.3685646,0.2984146,0.4873142,0.5482676,0.5624078,0.1449333,0.4819721,1
0.1469171,0.04379949,0.2966883,0.3669735,0.2392947,0.4404578,0.6698684,0.5361631,0.6817644,0.2106875,1
0.04670477,0.04785243,0.1200473,0.6031367,0.4291006,0.4412069,0.6041482,0.5550761,0.8156022,0.3185683,1
0.3527093,0.2393288,0.3680958,0.1860439,0.1247592,0.4669958,0.4492118,0.4236991,0.9525744,0.4425977,1
0.1716424,0.1232489,0.417534,0.1342198,0.1016447,0.4556796,0.6571251,0.4678072,0.04132778,0.4445661,1
0.08885868,0.04511471,0.2107925,0.562223,0.438139,0.4787197,0.6268961,0.5482345,0.5352856,0.5238917,1
0.3530882,0.2814745,0.6655234,0.07944085,0.06312046,0.4123581,0.6976879,0.6473298,0.6530111,0.7115431,1
0.5132717,0.1941966,0.467327,0.2195704,0.1532079,0.2216869,0.4187014,0.6172172,0.9070134,0.6111875,1
0.07110173,0.0380093,0.1947073,0.6152971,0.4627352,0.4521101,0.6168049,0.5642337,0.2231011,0.1676094,1
0.34183,0.1797685,0.4011532,0.2803728,0.2035857,0.2878799,0.4926913,0.6354147,0.4475,0.716336,1
0.08552215,0.0578032,0.1803962,0.3394704,0.2471477,0.4550704,0.5351448,0.5397001,0.7108011,0.259124,0
0.3087036,0.1393869,0.3211709,0.4194795,0.3024152,0.5142238,0.800592,0.4893302,0.9334112,0.02679583,1
0.1208214,0.03338612,0.2476937,0.6703035,0.4322122,0.481164,0.6565506,0.5100264,0.1567978,0.4542489,1
0.2974672,0.1380631,0.390893,0.2392317,0.1858053,0.3891013,0.5034779,0.4776512,0.2576733,0.7413867,1
0.1117446,0.05676413,0.2591662,0.2549153,0.1518743,0.4726752,0.5638489,0.5230892,0.9140522,0.2950273,1
0.795337,0.6934263,0.4859551,0.1089897,0.09112461,0.1904368,0.222429,0.8151633,0.3523889,0.3791596,1
0.3662409,0.1150592,0.3558841,0.2659393,0.1868425,0.3127,0.438897,0.473983,0.8253078,0.160778,1
0.09534532,0.05511893,0.2166765,0.5153995,0.4021337,0.4581423,0.6247133,0.5101454,0.3652333,0.1357019,1
0.0492468,0.06656317,0.1939089,0.5109672,0.4622907,0.4660043,0.6053649,0.5029109,0.1021789,0.2875857,0
0.3443072,0.1963059,0.619249,0.08125924,0.08401244,0.4048303,0.3134224,0.5743395,0.09928889,0.07926282,1
0.3453299,0.3226416,0.597191,0.1169451,0.08623499,0.3407736,0.4795545,0.3589834,0.3035567,0.5529582,1
0.0463974,0.04696118,0.1126257,0.7265598,0.5181509,0.4509714,0.6173327,0.5112938,0.9345734,0.3461094,1
0.04289505,0.06970732,0.1311059,0.5381294,0.3997629,0.4280199,0.552995,0.5020499,0.7897,0.3184853,1
0.09043949,0.03788605,0.1763749,0.4265257,0.2895244,0.4849239,0.6300078,0.5504002,0.6097111,0.3130814,1
0.1111346,0.1240052,0.383353,0.5773383,0.4053934,0.4784468,0.6451799,0.5118004,0.01888,0.7597508,1
0.1160944,0.06580845,0.3185098,0.290033,0.2948585,0.445468,0.617381,0.5541975,0.3524133,0.1781324,1
0.03573517,0.05886412,0.1449143,0.5818843,0.4602163,0.4470488,0.5944781,0.5217069,0.1454189,0.4551154,1
0.2823111,0.06468473,0.3752218,0.1924082,0.1542451,0.4011511,0.6712442,0.5625061,0.6738,0.1916193,1
0.3340127,0.1297295,0.4277646,0.3143539,0.2096607,0.3122804,0.4580911,0.4738871,0.4678711,0.6732121,1
0.2237092,0.1919499,0.3856594,0.2751449,0.1751371,0.419951,0.5038792,0.5665533,0.4517789,0.7143606,1
0.3967972,0.3677232,0.6715553,0.07534948,0.04874796,0.4406001,0.7352949,0.3208956,0.9638989,0.8129514,1
0.1203207,0.08625177,0.272945,0.3849301,0.289228,0.4086192,0.5100828,0.5765114,0.2677589,0.5123872,1
0.05830912,0.05631753,0.2295388,0.577111,0.4251,0.4426852,0.6277484,0.5199088,0.4508067,0.4748195,1
0.2682745,0.3211793,0.37466,0.2305944,0.1981034,0.3137085,0.480054,0.6287386,0.031,0.3932306,1
0.05926609,0.03401448,0.1899764,0.6785998,0.6350571,0.4550611,0.6010993,0.5202609,0.1187667,0.233086,1
0.158025,0.119485,0.2785038,0.3265144,0.2271448,0.485011,0.5245118,0.4628866,0.8271434,0.3818051,1
0.2087462,0.07860575,0.2765227,0.4322082,0.3805008,0.38129,0.6673077,0.5689502,0.2518333,0.5602215,1
0.0569608,0.044328,0.1620343,0.692465,0.5495629,0.4687328,0.5969937,0.5256611,0.6735255,0.4136887,1
0.2873642,0.3319699,0.3925784,0.1538811,0.1243147,0.4152964,0.3442425,0.4305946,0.1323167,0.3849134,1
0.1319356,0.1560617,0.3565642,0.1543357,0.114091,0.4023859,0.5235081,0.593717,0.2888667,0.2292684,1
0.3226999,0.1706411,0.2752513,0.3035572,0.2000296,0.4087499,0.3614728,0.4530767,0.3201644,0.1225346,1
0.06566574,0.0232333,0.1528682,0.9445392,0.6925471,0.4246286,0.591956,0.5144949,0.1665511,0.2916959,1
0.06030067,0.02616525,0.07738026,0.8872599,0.6592088,0.4259882,0.5729939,0.5471902,0.9947066,0.5892374,1
0.3199499,0.2388073,0.3735364,0.2821912,0.1852126,0.4637494,0.8146176,0.4624127,0.5534933,0.6990566,1
0.04169254,0.03972861,0.1592844,0.516536,0.4018373,0.445679,0.6093562,0.5023942,0.84316,0.3893836,1
0.4615114,0.07784868,0.2384388,0.5932492,0.4138391,0.289988,0.7390915,0.4753562,0.33899,0.4234093,1
0.02669316,0.03856121,0.0939089,0.9055574,0.8036746,0.4546731,0.5965902,0.5078299,0.9573345,0.439227,1
0.1629459,0.05333214,0.2849497,0.2849188,0.2124759,0.4933624,0.6500989,0.5510944,0.8457211,0.1568747,1
0.05069515,0.062261,0.16233,0.6942834,0.648096,0.4576902,0.6069721,0.5600428,0.27456,0.3449672,1
0.1045204,0.07809363,0.2030159,0.3170815,0.228182,0.3948875,0.5439019,0.4998194,0.21978,0.274506,1
0.04245734,0.06629912,0.1463335,0.5721105,0.4310268,0.4577137,0.6062832,0.5606152,0.2596333,0.3970362,0
0.05034989,0.02796296,0.03805438,0.7589498,0.5228923,0.4434625,0.5733273,0.5495545,0.5954111,0.08634263,0
0.2018106,0.1458531,0.2997338,0.2977611,0.2222551,0.5208154,0.5308198,0.4680431,0.1119667,0.3652929,1
0.05642033,0.03389123,0.2081608,0.6052961,0.631501,0.4559785,0.6262279,0.5292336,0.4549533,0.1989812,1
0.09843025,0.06038957,0.1720283,0.3872031,0.2638909,0.3953451,0.5398977,0.5003377,0.6832445,0.08748349,0
0.2506509,0.1106037,0.3063867,0.2515059,0.2274411,0.3759915,0.4719962,0.5900434,0.2772033,0.4889827,1
0.05135324,0.06317917,0.2354819,0.5338107,0.4205067,0.4425019,0.5953075,0.5443374,0.7165666,0.4657861,1
0.0683566,0.05907708,0.1798639,0.4275486,0.3276041,0.457296,0.5945837,0.5473648,0.9058422,0.222424,1
0.7224802,0.187553,0.5937611,0.1247869,0.09290266,0.2255554,0.1554566,0.4475112,0.3122989,0.5423551,1
0.06529137,0.06410629,0.171437,0.5533584,0.4480664,0.4423023,0.6268933,0.5791702,0.0111,0.3743121,1
0.4056264,0.2396354,0.3908043,0.2357086,0.1843236,0.3094062,0.4947232,0.4253377,0.4787056,0.5590966,1
0.08123319,0.05501089,0.1511827,0.4140244,0.3000444,0.411225,0.5561973,0.5526664,0.1606778,0.554929,0
0.2476942,0.06233433,0.2924601,0.2026367,0.1339458,0.4781716,0.6904911,0.5181763,0.03222,0.4508716,1
0.1948138,0.04843554,0.2167061,0.2878737,0.1695066,0.4589013,0.6853229,0.5443897,0.37605,0.3067741,1
0.2899508,0.09461663,0.280071,0.2638936,0.2256631,0.3470437,0.696599,0.5888162,0.6845689,0.3394549,1
0.03004182,0.02977276,0.2098166,0.6179111,0.4836272,0.4489767,0.609505,0.5425831,0.4481389,0.3380767,1
0.04547377,0.06587085,0.1463335,0.497102,0.3767966,0.4603597,0.6100619,0.5198474,0.4125222,0.5446817,1
0.4680668,0.2865279,0.3016558,0.2133197,0.1543933,0.4536037,0.8605175,0.6577753,0.5722222,0.4874769,1
0.04259708,0.04021109,0.1004435,0.6813275,0.4843681,0.441287,0.5963568,0.549981,0.7583833,0.1238978,1
0.2007624,0.06157531,0.2114429,0.3879986,0.2809305,0.4770733,0.6484601,0.5101579,0.13551,0.3590614,1
0.2399002,0.243386,0.435955,0.1801341,0.1397244,0.4416502,0.4286784,0.6359825,0.28955,0.4010541,1
0.02783595,0.03952735,0.07486692,0.9073759,0.6670618,0.4567913,0.5923594,0.5033839,0.269,0.2840897,1
0.09048253,0.04030041,0.1726493,0.4599386,0.3582753,0.4610412,0.5658751,0.5500093,0.7355678,0.4125076,1
0.1023991,0.06289951,0.2195742,0.4392545,0.381538,0.4621215,0.6424963,0.5086983,0.5400044,0.3589059,1
0.06056803,0.05098291,0.1823477,0.636095,0.5694177,0.4573585,0.6021279,0.5691664,0.1365156,0.5146958,1
0.1388879,0.06266782,0.2708457,0.2876464,0.2093643,0.4379216,0.5375881,0.5271711,0.6440389,0.2720222,1
0.08217015,0.1151594,0.2887936,0.5244914,0.3923544,0.4568928,0.6137358,0.4547283,0.08416666,0.3486687,1
0.1922963,0.1112941,0.407126,0.2554836,0.2572233,0.4073106,0.5359955,0.5065646,0.07131667,0.5576718,1
0.05034655,0.02700268,0.055411,0.8385043,0.6329827,0.4223234,0.5576592,0.5181541,0.5780444,0.09125808,1
0.2223281,0.07934177,0.2803962,0.3998182,0.2775226,0.4984287,0.6674609,0.514906,0.51143,0.1931786,1
0.1742865,0.1192662,0.3706091,0.1775202,0.1343903,0.4940793,0.6717958,0.5885255,0.2139333,0.4502511,0
0.3064571,0.08834201,0.1450916,0.5166497,0.3556082,0.3506689,0.6650058,0.5558693,0.07211334,0.6470044,1
0.3089249,0.2295189,0.4577765,0.1824071,0.1312787,0.5224057,0.6645473,0.658763,0.6758966,0.1861837,1
0.2852781,0.1495706,0.4188941,0.2212752,0.1935101,0.3562573,0.7290362,0.4563167,0.3459067,0.5337082,1
0.2254988,0.1901249,0.3769072,0.1087624,0.08386427,0.4611634,0.614987,0.4338633,0.01989333,0.277217,1
0.04608305,0.02672302,0.111709,0.9226048,0.6852867,0.4247993,0.5564783,0.5233819,0.9177788,0.4788625,1
0.3030566,0.08697958,0.3744825,0.2142289,0.1389836,0.5417477,0.4897123,0.5055328,0.6237645,0.2304527,1
0.1279943,0.05238707,0.2618864,0.3862939,0.2684842,0.4661011,0.6862561,0.5603427,0.08172778,0.37607,1
0.2192138,0.1321079,0.2960083,0.2091147,0.2124759,0.2971113,0.724366,0.6075479,0.3586467,0.3986512,1
0.104999,0.06358403,0.1426375,0.6497329,0.5021484,0.470433,0.6249521,0.5103619,0.6076267,0.4323454,1
0.09821261,0.03124634,0.183353,0.7778156,0.662024,0.4443193,0.6306558,0.5586079,0.2744244,0.3999531,1
0.600177,0.161699,0.3508279,0.3776566,0.3007853,0.2125365,0.8438717,0.4515758,0.2543922,0.4367632,1
0.1534665,0.05885437,0.2838261,0.3133311,0.2330716,0.4499663,0.6632472,0.5053716,0.8186423,0.3300173,1
0.2106298,0.04164411,0.3519811,0.2330947,0.1711365,0.4816695,0.6806004,0.5642684,0.2808167,0.3418242,1
0.6199622,0.2096618,0.5290065,0.1737697,0.1281671,0.3590419,0.1387544,0.6301146,0.03662222,0.6020927,1
0.04542587,0.02696289,0.1311059,0.9271508,0.6624686,0.4244619,0.5576915,0.5253469,0.2962667,0.1241857,1
0.04378413,0.05061861,0.1474867,0.5626776,0.3895392,0.4307408,0.5673228,0.5200745,0.8803867,0.397718,0
0.1955607,0.1226865,0.370136,0.1767246,0.1272781,0.4209681,0.4812007,0.6023663,0.4114111,0.1928338,1
0.08911785,0.05350415,0.1589888,0.5969996,0.4680693,0.4254255,0.5342743,0.5586979,0.9636522,0.4520108,1
0.1903369,0.07875007,0.3379952,0.5060803,0.5288191,0.4111456,0.4744031,0.5227118,0.1387011,0.5843911,1
0.04873603,0.02692896,0.1378178,0.6116604,0.4384353,0.4044542,0.5930051,0.5597218,0.9675956,0.3126904,1
0.3842189,0.3324286,0.6838557,0.04670986,0.03141206,0.4904856,0.7633095,0.658049,0.9866644,0.6388878,1
0.1970399,0.06172508,0.2963335,0.3256052,0.2407764,0.4987694,0.6605955,0.564287,0.3672289,0.551386,1
0.09245802,0.06033536,0.248492,0.4833504,0.3237517,0.4549068,0.6378745,0.5054592,0.3870711,0.2803742,1
0.08254755,0.03303157,0.247398,0.6015456,0.4778486,0.4221624,0.6098598,0.5045189,0.1591456,0.4834108,1
0.4219135,0.2118429,0.533767,0.08580521,0.06667654,0.2450249,0.5114096,0.6278452,0.02263333,0.5691639,1
0.174791,0.08691133,0.1219397,0.6614388,0.4988888,0.3648281,0.6542605,0.4810897,0.7364789,0.6248617,1
0.0846458,0.05958648,0.2179775,0.4520968,0.3366425,0.4538136,0.5417004,0.5184278,0.1081778,0.3841467,0
0.02592625,0.04481555,0.1034299,0.8164564,0.5717884,0.4285264,0.5934152,0.5632579,0.7933444,0.4817091,1
0.2606453,0.1860259,0.4410113,0.1237641,0.07867832,0.4464649,0.4393674,0.6268049,0.7784722,0.1652878,1
0.1374116,0.1004688,0.3933176,0.2295716,0.1909913,0.4938776,0.6685686,0.5008942,0.01541333,0.4824556,0
0.693733,0.2641488,0.413631,0.2283214,0.202993,0.2588368,0.2753067,0.3991951,0.76075,0.5587139,1
0.3432365,0.1823623,0.3996747,0.141948,0.1108312,0.3399185,0.3880733,0.6319275,0.4546666,0.3486221,1
0.2735283,0.2087713,0.4370787,0.3034436,0.2163283,0.4636717,0.4922329,0.6539632,0.5847111,0.7318738,1
0.2535867,0.04964117,0.1649024,0.331515,0.2349978,0.3049077,0.7241557,0.5525457,0.5568289,0.2081827,1
0.06146286,0.03935846,0.1251626,0.5889305,0.4763669,0.4365055,0.5498913,0.5545166,0.8629223,0.5347885,1
0.4132567,0.4073043,0.5729154,0.05136947,0.05734183,0.4212914,0.6867877,0.390508,0.9457267,0.5947808,1
0.08259393,0.07441085,0.1928149,0.4359586,0.3114536,0.4479055,0.547451,0.5205821,0.04833111,0.3474657,1
0.3158295,0.256527,0.3813424,0.2856007,0.2309972,0.3990846,0.4425519,0.7266707,0.3548133,0.7386776,1
0.1777765,0.07452863,0.298285,0.3012843,0.2464069,0.4737326,0.6723729,0.4996725,0.09533333,0.4407888,0
0.02617239,0.04430733,0.05056176,0.827594,0.5774189,0.4577765,0.5720095,0.5037798,0.7214777,0.4568769,1
0.2448687,0.04457022,0.2007983,0.4467553,0.3422729,0.4159559,0.3999456,0.5555072,0.5031155,0.4071418,1
0.07037059,0.03540342,0.1863986,0.4836913,0.3133797,0.4010439,0.6352133,0.5588099,0.9805945,0.3085389,1
0.1663137,0.07452708,0.2816972,0.3143539,0.2311453,0.3956813,0.5255933,0.4985619,0.4751334,0.3968359,1
0.04467229,0.05607726,0.1807806,0.5772247,0.4456957,0.4461279,0.5632223,0.5241445,0.9908456,0.3208524,0
0.5478359,0.4016819,0.7658191,0.04432322,0.04074678,0.2343653,0.3401152,0.4067677,0.7134333,0.5707055,1
0.0877083,0.06743648,0.1670609,0.4224344,0.3086383,0.4726314,0.588266,0.4707661,0.4686022,0.4233321,1
0.03352051,0.04494816,0.1166174,0.9294238,0.8137502,0.4674324,0.5871577,0.509034,0.7103078,0.4757422,1
0.0959634,0.03294576,0.2295683,0.5010797,0.3585716,0.4368964,0.5624177,0.5374439,0.3400667,0.4593128,1
0.2635763,0.0970306,0.202395,0.4853961,0.3695362,0.4052185,0.4146235,0.4969756,0.1507822,0.3399368,1
0.2595777,0.1374539,0.3793613,0.2780998,0.1972144,0.4278688,0.4889874,0.5015063,0.03061111,0.8188733,0
0.07308358,0.07034347,0.1718805,0.5224457,0.3474589,0.4507583,0.6184824,0.5043963,0.6144944,0.3891607,1
0.04674387,0.0495768,0.1586339,0.63189,0.5986072,0.4549378,0.6113606,0.5563279,0.6465389,0.4248767,1
0.07780268,0.04822765,0.1765523,0.488351,0.4133946,0.4618962,0.6250739,0.5251309,0.4792722,0.2571757,1
0.03904866,0.05512322,0.1362507,0.6538243,0.4566602,0.439094,0.5484717,0.5560461,0.9000578,0.2838247,1
0.02860711,0.03536598,0.09704316,0.84055,0.5768262,0.4758648,0.5976209,0.5157875,0.9050189,0.4441661,1
0.06212974,0.05127896,0.1706683,0.5706331,0.4418432,0.4284075,0.5640504,0.5669653,0.8971133,0.3691794,1
0.5416188,0.06188851,0.2182436,0.3631094,0.2552971,0.7168534,0.2787471,0.5621833,0.5514666,0.3229403,1
0.06793617,0.04989235,0.2198403,0.574497,0.4969625,0.4569659,0.6274762,0.5554846,0.5908822,0.3721231,1
0.4261566,0.07394513,0.261236,0.4473236,0.3387168,0.3418915,0.2982137,0.4853964,0.9871711,0.1841472,1
0.1405587,0.04185434,0.2892075,0.2703716,0.2114387,0.4581774,0.5567455,0.5431176,0.7937544,0.3825537,1
0.3302342,0.2923197,0.5251035,0.1810433,0.1532079,0.3716865,0.6837888,0.656975,0.8838267,0.7466828,1
0.2650079,0.147666,0.346984,0.2380952,0.1866943,0.5092728,0.7201206,0.4923474,0.03947,0.4006111,1
0.3054974,0.2049769,0.3736251,0.2537788,0.2394429,0.3393939,0.7202578,0.6611021,0.3766922,0.4706424,1
0.299383,0.1103674,0.3414843,0.3220821,0.2232923,0.3327279,0.4463946,0.5060733,0.03065556,0.7527244,1
0.3981058,0.1774091,0.3120047,0.2715081,0.2302563,0.3151478,0.353504,0.4099836,0.3410155,0.6933226,1
0.05973928,0.06823958,0.1377291,0.6408683,0.5519336,0.4624948,0.6006281,0.5566525,0.7125067,0.2935777,1
0.1014042,0.03760327,0.2506209,0.4748267,0.3212328,0.4010875,0.5722744,0.5258456,0.01997333,0.4386767,1
0.2933144,0.09849327,0.335275,0.3349244,0.2444807,0.400096,0.6489959,0.4732014,0.004663333,0.6775603,0
0.5411638,0.3567322,0.6505322,0.03534492,0.0604534,0.5058375,0.331285,0.4046028,0.7451034,0.3620381,1
0.1020866,0.04221123,0.1267297,0.4190249,0.3210846,0.5020781,0.5399539,0.5458109,0.7362811,0.2288229,1
0.07052488,0.02610597,0.1626552,0.7146267,0.5707512,0.4557053,0.6072441,0.5474482,0.1552,0.4169986,1
0.07496086,0.06204843,0.1525133,0.5206273,0.3642021,0.4470675,0.6117388,0.5481324,0.7009555,0.4078661,1
0.2910409,0.1624412,0.3743052,0.10433,0.07719662,0.5320377,0.7339185,0.6315072,0.9792256,0.2229015,1
0.1403992,0.04074857,0.2798048,0.5261962,0.3711661,0.4615575,0.6323571,0.5307945,0.5610656,0.2997159,1
0.03330135,0.055484,0.16644,0.6939425,0.5747519,0.4794232,0.6299586,0.5463017,0.2856511,0.1559498,1
0.09587276,0.01646606,0.201922,0.5372202,0.4196177,0.4668394,0.55694,0.5071678,0.4447122,0.4067036,1
0.5963789,0.09109299,0.269249,0.3751563,0.3256779,0.3212524,0.2669562,0.4944156,0.1880444,0.1717991,1
0.2499652,0.122619,0.3111768,0.2318445,0.1746925,0.5296149,0.5198424,0.4742549,0.1199867,0.3010943,1
0.3010711,0.07969008,0.3431993,0.1775202,0.1244629,0.3750992,0.4863615,0.5466449,0.4552389,0.1457531,1
0.07172436,0.04533353,0.1289769,0.5950676,0.4002074,0.4184965,0.608803,0.5621276,0.5501755,0.4291334,1
0.08460669,0.1097405,0.2506209,0.4268667,0.3071566,0.4079471,0.5108477,0.4953486,0.1616867,0.2755089,1
0.3687054,0.1116662,0.4372265,0.1683146,0.123722,0.5521495,0.7249324,0.5875189,0.2070322,0.5116193,1
0.04666112,0.04817109,0.1110881,0.5547222,0.452956,0.4436526,0.592649,0.5068614,0.5968667,0.3469106,0
0.2836894,0.1257413,0.4340036,0.1386521,0.1500963,0.4061271,0.6627995,0.48339,0.07258777,0.6015952,1
0.5042616,0.4475412,0.4666765,0.1780884,0.1241665,0.3563228,0.7355297,0.343238,0.9346633,0.711324,1
0.07337641,0.006330398,0.1626552,0.7967951,0.7006964,0.4522853,0.6172529,0.5402487,0.2957211,0.3912425,1
0.9125385,0.2763724,0.5639858,0.08410047,0.06786191,0.1194418,0.08830892,0.6157704,0.4901222,0.3802137,1
0.04719766,0.06458722,0.1444412,0.5258552,0.3767966,0.4457389,0.5622014,0.5054174,0.4648667,0.4261615,0
0.3667684,0.1552753,0.3183323,0.3199227,0.2406282,0.5148341,0.8209124,0.6311049,0.5610234,0.5779787,1
0.1959939,0.08744023,0.4531934,0.2224116,0.1604682,0.4480152,0.4976755,0.5679231,0.0031,0.4434473,0
0.1686708,0.05655779,0.3140745,0.3741334,0.2825604,0.4876389,0.6478399,0.5220553,0.3955555,0.6111928,1
0.09295121,0.07452981,0.2545239,0.8347539,0.6550601,0.4773307,0.6291229,0.5717539,0.3965833,0.7462018,1
0.1180875,0.06425724,0.2281195,0.4458461,0.3702771,0.4614874,0.6697773,0.5804161,0.9014422,0.4536104,1
0.0723003,0.0458203,0.2356298,0.4482328,0.2733738,0.4841217,0.5877123,0.5689917,0.2149278,0.3822427,1
0.2127993,0.04882481,0.2885571,0.2560518,0.1779523,0.4014845,0.5625854,0.5134326,0.9412555,0.3249452,1
0.4681739,0.2873732,0.5887936,0.08330493,0.06415765,0.5046502,0.7657292,0.3000298,0.1542878,0.3406874,1
0.1639059,0.1301375,0.4308989,0.3046937,0.2318862,0.3798963,0.6436244,0.5837294,0.1119533,0.5940976,1
0.2437405,0.1745493,0.2727971,0.3042392,0.2158838,0.4297889,0.6922015,0.4179497,0.5762478,0.6259381,1
0.1124739,0.03466039,0.2504139,0.5071031,0.3772411,0.4711315,0.6308187,0.5538724,0.1735111,0.1626466,1
0.05185613,0.04041314,0.1694855,0.7184907,0.5999408,0.4264987,0.5496759,0.5584661,0.5098111,0.3573055,1
0.1518814,0.08389201,0.1975162,0.4449369,0.3181212,0.4916999,0.6509283,0.5678453,0.1013889,0.1082841,1
0.08124804,0.03183414,0.1782377,0.8440732,0.9305083,0.4260089,0.5319425,0.5154575,0.02936666,0.5905558,1
0.05634515,0.04647284,0.2028681,0.5346062,0.3822789,0.4482655,0.5977623,0.550719,0.5702667,0.3086407,0
0.3621748,0.3586071,0.5511827,0.1291056,0.05615646,0.3226508,0.493973,0.4440858,0.5773944,0.7562962,1
0.11823,0.04934902,0.2323477,0.3110581,0.2148466,0.3894403,0.6084679,0.5178824,0.29584,0.3374503,1
0.2039388,0.04503319,0.2806032,0.3236732,0.2315899,0.425062,0.6082827,0.5607085,0.9666545,0.260082,1
0.1319123,0.03878392,0.2586635,0.6215479,0.4611054,0.405333,0.5184488,0.5236351,0.1769611,0.6602383,1
0.1052588,0.05510489,0.2018037,0.4364132,0.3043414,0.4062248,0.5343062,0.549188,0.8489555,0.5511497,1
0.4257329,0.1715218,0.4349202,0.1025117,0.08416062,0.454495,0.3230375,0.6194522,0.02718111,0.4183501,1
0.07515153,0.07895679,0.1923123,0.3265144,0.2529263,0.4561415,0.5861744,0.5414865,0.6939011,0.4746356,1
0.02636184,0.04244253,0.1408043,0.8325946,0.6993629,0.4299629,0.5925566,0.515606,0.3422556,0.1557406,1
0.2298693,0.1900711,0.2587226,0.3060575,0.2507038,0.3720698,0.4835888,0.6344825,0.6160589,0.2727805,1
0.3613648,0.1294369,0.4761088,0.1242187,0.1253519,0.4028972,0.2614775,0.4627406,0.1308622,0.337368,1
0.1991701,0.09269684,0.3386753,0.1236504,0.128019,0.4591622,0.6570811,0.5665681,0.4291211,0.2782796,1
0.1067502,0.07261001,0.1387049,0.5108535,0.4408061,0.4661986,0.625236,0.5322722,0.8307222,0.4507743,1
0.1344216,0.04968758,0.2387049,0.4231163,0.2969329,0.3665135,0.6450227,0.5487831,0.03121111,0.5056673,0
0.1108006,0.04073102,0.2601714,0.405387,0.2870055,0.4834118,0.6274006,0.5645481,0.2676889,0.2235853,1
0.133755,0.1000226,0.3723536,0.3610638,0.2511483,0.4878452,0.6705953,0.4582568,0.6247666,0.5682615,1
0.6170007,0.2882301,0.7480189,0.02863962,0.02904134,0.2969947,0.2970649,0.3411665,0.99054,0.3648316,1
0.069383,0.04608553,0.107333,0.5265371,0.3636094,0.422167,0.6037828,0.5068461,0.84369,0.3853666,0
0.2016454,0.04409319,0.319929,0.3244687,0.2755964,0.4678293,0.6645181,0.5552844,0.2163144,0.3783686,1
0.1080788,0.06983993,0.1696925,0.3807251,0.2597422,0.4698436,0.6237849,0.5698399,0.1606433,0.227929,0
0.05872774,0.03997746,0.08166763,0.6670076,0.4979997,0.4726157,0.5558118,0.5509451,0.5201533,0.3581896,1
0.09574332,0.07529117,0.2416322,0.3893624,0.2772262,0.387162,0.6165537,0.5114517,0.01204667,0.5701532,0
0.1275175,0.07050729,0.3425784,0.2601432,0.2141058,0.4487454,0.4991468,0.4970638,0.7479578,0.4709453,1
0.075769,0.06142709,0.1911295,0.3521991,0.2427026,0.4280342,0.6049398,0.5119671,0.1163556,0.3937364,0
0.2258765,0.06672544,0.3425192,0.3916354,0.3016743,0.4078588,0.6853958,0.5722185,0.2156444,0.6587794,1
0.4387759,0.3210276,0.7662035,0.007387204,0.02341088,0.4612103,0.4569904,0.6397622,0.97652,0.5530918,1
0.08366518,0.05264176,0.1874335,0.4859643,0.4123574,0.4356479,0.6143541,0.5622069,0.8641245,0.2585713,1
0.7654243,0.6708147,0.6296866,0.04205023,0.06978812,0.6881453,0.4479344,0.9067373,0.9541367,0.4529423,1
0.08894356,0.06339876,0.2330869,0.3558359,0.2467032,0.4294673,0.5389926,0.5026438,0.67947,0.4412845,1
0.1901004,0.1005519,0.427469,0.217752,0.1579493,0.4567356,0.7137172,0.562784,0.03552222,0.347212,0
0.3199918,0.3196126,0.367534,0.1767246,0.1173507,0.4665201,0.8174897,0.431154,0.9754044,0.33277,1
0.1808132,0.1210654,0.4294796,0.2627571,0.1853608,0.4909355,0.6868103,0.5052162,0.3688222,0.5505731,1
0.42059,0.1102402,0.3332939,0.2898057,0.3252334,0.2613747,0.6670255,0.4811997,0.1223567,0.4074736,1
0.1849266,0.0953858,0.2713779,0.2821912,0.2157357,0.3677984,0.6530678,0.5815391,0.8344155,0.2140866,1
0.2688901,0.1708591,0.3443525,0.205137,0.16032,0.3363663,0.4697745,0.3700179,0.8727555,0.3468701,1
0.1737124,0.1942695,0.5004435,0.2033186,0.1696548,0.4110987,0.4476014,0.6581927,0.9420833,0.5757397,1
0.1296946,0.06401268,0.2409817,0.3576543,0.2761891,0.4206127,0.5522986,0.5700424,0.4586111,0.4417336,1
0.06235709,0.04028442,0.1273507,0.5304012,0.36761,0.428581,0.6128231,0.5276207,0.6418778,0.3575321,0
0.2786014,0.2755962,0.506712,0.1789976,0.1545414,0.4075682,0.6444234,0.7016846,0.07447445,0.614514,1
0.1038887,0.06389723,0.2476641,0.3727697,0.3508668,0.4254161,0.6085343,0.5689276,0.4957833,0.1801624,1
0.5799281,0.3404588,0.5964222,0.09307876,0.0703808,0.4237785,0.4061894,0.5855568,0.9761145,0.7571794,1
0.1279989,0.06520271,0.1840331,0.4749403,0.3124907,0.42657,0.5273979,0.5584487,0.33358,0.2181323,1
0.05355607,0.04141008,0.1063572,0.6954199,0.6033487,0.4243498,0.5453368,0.5636675,0.2839111,0.2309172,1
0.5259076,0.2029842,0.3249261,0.3466303,0.2757446,0.3560615,0.317563,0.6661575,0.4142456,0.632009,1
0.04965087,0.03922389,0.1858959,0.8233891,0.6875093,0.4609903,0.6138262,0.5114823,0.4720111,0.3213136,1
0.1893038,0.09727672,0.4418687,0.1763837,0.1312787,0.4697027,0.6995846,0.5145909,0.1104556,0.450413,0
0.0535388,0.0602909,0.2179775,0.6189339,0.4421396,0.4267984,0.5537953,0.5673663,0.8426889,0.4411955,1
0.2373169,0.1492316,0.3431106,0.1505853,0.108016,0.4334096,0.7362546,0.4763843,0.5914456,0.147201,1
0.7460029,0.125384,0.3420461,0.3894761,0.3926508,0.2684085,0.3549599,0.4715303,0.4515889,0.5210594,1
0.06576031,0.06045159,0.1945594,0.4567564,0.315306,0.4431706,0.5984492,0.5317179,0.3262789,0.3182974,1
0.1365325,0.0416289,0.227735,0.3690192,0.2621129,0.4774624,0.6193148,0.5412623,0.1683167,0.4166798,1
0.07259525,0.06051673,0.2104967,0.4674395,0.337087,0.4184282,0.5918871,0.563892,0.1728722,0.4306771,1
0.3704726,0.4304491,0.626582,0.1226276,0.1077197,0.3822831,0.6921433,0.7160676,0.5491689,0.7539957,1
0.3824516,0.1058456,0.3721466,0.4078873,0.2785598,0.3482039,0.3903347,0.5629984,0.1077122,0.7771634,1
0.01918286,0.03921804,0.08826137,0.6505284,0.4662913,0.4404303,0.5829912,0.5453272,0.4933422,0.376782,1
0.1826535,0.1199378,0.3155825,0.3160587,0.2618166,0.4123445,0.5618371,0.4768276,0.1486333,0.6242057,0
0.08730757,0.07568862,0.2025724,0.4495966,0.3293821,0.4329537,0.5560014,0.4997067,0.21353,0.5168055,1
0.07868418,0.09283374,0.2550266,0.2605978,0.2234405,0.4253253,0.5274619,0.5418004,0.4539789,0.1218145,1
0.2804236,0.1334497,0.5252218,0.1769519,0.1388354,0.3388412,0.4880551,0.4850159,0.1229,0.5929804,1
0.4586014,0.389598,0.7713484,0.0009091938,0.006519484,0.5134271,0.4070086,0.7303998,0.4253444,0.4525885,1
0.3240713,0.3177286,0.4413956,0.2732129,0.2139576,0.3254009,0.4368908,0.7453206,0.9970778,0.8534148,1
0.2039158,0.09692959,0.3377291,0.2598023,0.2006223,0.4889202,0.6771742,0.4857713,0.6662778,0.1003461,1
0.08821999,0.03584768,0.2477528,0.601091,0.4934064,0.4709141,0.6319174,0.5225414,0.5604889,0.2904161,1
0.1095417,0.07838109,0.2586931,0.3303784,0.2246259,0.4879872,0.5378125,0.4973227,0.9161367,0.1532697,1
0.1124636,0.09724396,0.3790361,0.2101375,0.1471329,0.4408165,0.6079223,0.4889732,0.02846667,0.2075256,0
0.2475751,0.2128929,0.4601419,0.121832,0.1324641,0.3757709,0.4879309,0.6370057,0.9989855,0.5017672,1
0.3614081,0.2794346,0.7241573,0.05125583,0.04771077,0.3049648,0.718926,0.4069681,0.3905067,0.5779786,1
0.04103476,0.04037725,0.1226197,0.7361063,0.4923693,0.4221998,0.5634131,0.5512396,0.8118433,0.4621149,1
0.06388334,0,0.1584269,0.856461,0.6144614,0.4432203,0.5819671,0.5035732,0.05540111,0.3139818,1
0.2962478,0.06590401,0.1836488,0.5423344,0.3759076,0.3374844,0.6637853,0.5183685,0.1475389,0.4773751,1
0.1057675,0.1029015,0.2528977,0.377202,0.2966365,0.4063197,0.626559,0.5779769,0.07219333,0.6026773,0
0.3707451,0.09503164,0.3760497,0.2335493,0.1415024,0.4961991,0.7065393,0.4912783,0.3620144,0.2123621,1
0.04420184,0.05037327,0.1025429,0.716445,0.5387465,0.4517799,0.6208445,0.5557548,0.8032266,0.08940245,1
0.3588143,0.08739069,0.3905381,0.2033186,0.1523189,0.3519372,0.7266737,0.5907706,0.5572444,0.5393244,1
0.1247354,0.04092994,0.1622413,0.5147176,0.3855386,0.4977055,0.6263602,0.5471532,0.8083,0.3814498,1
0.07778662,0.04179974,0.1456239,0.6172292,0.4771077,0.4787068,0.5683379,0.5138997,0.8863556,0.3726895,1
0.1311829,0.06558339,0.1970432,0.363905,0.258705,0.3901906,0.5262139,0.5790385,0.3626022,0.4603043,1
0.2732194,0.1913773,0.3481667,0.401182,0.2733738,0.3815295,0.4004183,0.6328112,0.3328044,0.8253288,1
0.08697473,0.05936376,0.1853637,0.427435,0.2979701,0.4785059,0.6342802,0.5078719,0.1662667,0.4936619,1
0.01932715,0.02539063,0.1557658,0.9979543,0.7796711,0.4635331,0.5702358,0.5434912,0.2285811,0.2913178,1
0.1098021,0.09485183,0.3244234,0.246278,0.173359,0.4355134,0.6238363,0.4623027,0.8764422,0.4633593,1
0.5677096,0.3144191,0.5295092,0.1533129,0.1063861,0.4669741,0.09948729,0.6693993,0.3696767,0.723295,1
0.4728238,0.1566674,0.3085453,0.202864,0.144614,0.6338458,0.3667455,0.4363725,0.4394889,0.3069088,1
0.0930761,0.04473676,0.1939089,0.4075463,0.2899689,0.4212251,0.6108014,0.5165343,0.03534778,0.2729037,0
0.1861783,0.04416769,0.3038735,0.2907149,0.2618166,0.503668,0.6777033,0.51284,0.2373633,0.4841006,1
0.2374776,0.06723952,0.2793909,0.3587908,0.2951548,0.3672392,0.6783931,0.5063924,0.1037367,0.5299815,0
0.4107853,0.354459,0.5091071,0.1938857,0.157653,0.3317761,0.357393,0.3727225,0.5970389,0.8217719,1
0.2454671,0.1518593,0.4487877,0.2599159,0.1607646,0.3736342,0.4710283,0.4488328,0.3650967,0.7938966,1
0.1709273,0.09971683,0.2614134,0.4301625,0.3373833,0.4976852,0.6415414,0.5018755,0.02459778,0.1649846,1
0.08634878,0.0131347,0.1863395,0.6199568,0.5640836,0.4846093,0.6334953,0.5562292,0.9778256,0.3954468,1
0.05050933,0.03464362,0.1983146,0.6823503,0.515632,0.4671524,0.6365569,0.539759,0.3975044,0.3888958,1
0.2521653,0.06745091,0.3493199,0.4143653,0.2838939,0.4516179,0.6636177,0.5165747,0.2647544,0.7445387,1
0.04842229,0.04476406,0.1652572,0.6085919,0.411172,0.4719527,0.6001305,0.5348451,0.6122533,0.4771121,1
0.05524389,0.05000468,0.06942637,0.6442778,0.4785894,0.4565332,0.6030163,0.5566105,0.5711,0.09184601,1
0.05982719,0.04405263,0.1507096,0.6006364,0.4218403,0.4325255,0.5448762,0.5454684,0.07012222,0.4591307,0
0.05775137,0.07917639,0.2160852,0.3599273,0.259594,0.424382,0.5512912,0.5534486,0.3236933,0.3715404,0
0.4470913,0.2313072,0.428149,0.1186498,0.08756853,0.6123825,0.8381602,0.6727186,0.1743233,0.4256516,1
0.07704122,0.0424827,0.0801005,0.6175702,0.432953,0.4427304,0.6080496,0.5187203,0.9794711,0.4543951,1
0.06836661,0.04617095,0.1969841,0.5323333,0.4368055,0.4521493,0.6213116,0.5091316,0.4232,0.444993,1
0.1032891,0.05286214,0.2447369,0.5310831,0.3704252,0.4246601,0.5610011,0.4897488,0.02233889,0.1769351,1
0.1689563,0.04514358,0.2627439,0.4020911,0.3184175,0.393644,0.5945676,0.5121387,0.8740667,0.4445984,1
0.05241661,0.06829848,0.2086931,0.5392658,0.5141503,0.456921,0.599502,0.4872409,0.2053822,0.3923305,1
0.3095672,0.3411597,0.4714666,0.1916127,0.1016447,0.3593412,0.6421137,0.7542695,0.4035333,0.6428511,1
0.128908,0.08057704,0.2028681,0.6713263,0.6058676,0.4044833,0.5248768,0.4784619,0.07962222,0.6100053,1
0.1037362,0.08024277,0.3258723,0.2545744,0.1825456,0.4329819,0.6322985,0.5112537,0.2044178,0.2935378,0
0.129644,0.07171916,0.2618864,0.3929992,0.2896726,0.4422189,0.5249407,0.5008346,0.3518689,0.3046996,0
0.5859822,0.2523718,0.4704317,0.1500171,0.09053193,0.2667569,0.4361083,0.6902993,0.7544156,0.4374526,1
0.1297964,0.06946549,0.2879362,0.3043528,0.2581123,0.4216732,0.5457089,0.5560943,0.1165856,0.449978,0
0.2345981,0.07905547,0.3665878,0.2474145,0.1852126,0.4312423,0.6555537,0.5291196,0.3711767,0.502356,1
0.03772035,0.04285987,0.1879361,0.8130469,0.9121351,0.4519087,0.6155364,0.504332,0.3211555,0.3560573,1
0.1625546,0.05893355,0.3146954,0.3070804,0.2621129,0.4505569,0.619299,0.4926191,0.4245578,0.2682666,1
0.2932931,0.1370607,0.3387345,0.2577566,0.1858053,0.2962504,0.4979349,0.6199636,0.1320556,0.589535,0
0.1327616,0.08578177,0.2529864,0.3733379,0.3058231,0.4822331,0.6266744,0.5117213,0.1847111,0.2017373,1
0.03340866,0.04114876,0.1605558,0.8310035,0.7501853,0.4474389,0.5949719,0.5594183,0.1727889,0.3483369,1
0.3284806,0.06886327,0.2821703,0.3023071,0.2035857,0.4800889,0.802592,0.4945748,0.03048333,0.4144268,1
0.07707305,0.06343971,0.1346836,0.5500625,0.4449548,0.4614234,0.5924475,0.5008792,0.8447456,0.5049877,1
0.06003756,0.04144363,0.1278829,0.5377884,0.4162098,0.4483833,0.6151566,0.5152568,0.9912789,0.3613134,1
0.2349322,0.06989142,0.3522472,0.3106035,0.2056601,0.352656,0.6661028,0.5678412,0.7104222,0.5572366,1
0.1236681,0.08933116,0.1767593,0.4843732,0.348496,0.4017112,0.5169123,0.5686197,0.01727778,0.6410161,0
0.340077,0.2807186,0.6512124,0.09432891,0.06237961,0.4442799,0.7011514,0.3547275,0.6706855,0.4646626,1
0.07574868,0.0665897,0.1125665,0.5296056,0.3356053,0.4269853,0.5319596,0.4857205,0.4759067,0.04551281,1
0.3732611,0.1083274,0.397398,0.3394704,0.2739665,0.3664928,0.4018179,0.4821993,0.2197911,0.5985953,1
0.5341421,0.2050998,0.3376996,0.2120696,0.1373537,0.3483738,0.2006158,0.4863852,0.3713155,0.3744396,1
0.2052135,0.06587982,0.2456535,0.363905,0.2881908,0.3399046,0.6788309,0.5040935,0.8732545,0.5614733,1
0.06178691,0.05416527,0.1881431,0.6283668,0.4139873,0.4610393,0.6137453,0.5094574,0.9299589,0.4157321,1
0.05019195,0.02801367,0.03696034,0.7655415,0.5273374,0.4427304,0.5928192,0.5494568,0.3726556,0.3103482,0
0.5059976,0.06112598,0.1587818,0.3645869,0.249963,0.548451,0.8611084,0.5098844,0.9496245,0.2180376,1
0.4229741,0.1275608,0.4352454,0.2229799,0.101941,0.2822233,0.7395482,0.4575232,0.3051544,0.4189671,1
0.2211153,0.1179092,0.4026907,0.1491079,0.1134983,0.4418353,0.679659,0.585282,0.004288889,0.5130497,0
0.5247485,0.3309398,0.4140449,0.1811569,0.1459476,0.1403433,0.3577442,0.7430636,0.9352022,0.6088213,1
0.4392039,0.09042562,0.3696038,0.1768383,0.1345385,0.3380998,0.6943645,0.517886,0.2971067,0.4878919,1
0.05710601,0.07093868,0.1816677,0.3928856,0.2859683,0.4519807,0.6013171,0.5707589,0.6344589,0.1172778,0
0.08162422,0.05688699,0.2163513,0.3808387,0.2779671,0.4417318,0.5486745,0.50549,0.6175889,0.5203493,1
0.1016619,0.05894993,0.2311946,0.3344698,0.2921914,0.4152259,0.5971408,0.5606005,0.74336,0.4111527,1
0.09564087,0.06782419,0.293968,0.3410615,0.2324789,0.4693436,0.5592214,0.5572917,0.03705556,0.317057,0
0.5184113,0.278724,0.573832,0.06398454,0.06445399,0.1890295,0.3010028,0.357303,0.4320045,0.4101442,1
0.04397571,0.04031952,0.1741277,0.5818843,0.4213958,0.4672541,0.5953442,0.5337576,0.2040767,0.3826455,1
0.08170849,0.06469604,0.2191898,0.3816343,0.2687806,0.4330854,0.6191528,0.5035024,0.1064533,0.2530282,0
0.2245604,0.1286658,0.354317,0.1721787,0.1136465,0.4081805,0.6091031,0.6020588,0.3858167,0.3076151,1
0.0139348,0.01697077,0.1110881,0.8898739,0.7786339,0.431762,0.5576387,0.5077646,0.88334,0.3817215,1
0.4691863,0.372981,0.6489356,0.07182635,0.05689732,0.434783,0.7804336,0.7158167,0.9474444,0.7541871,1
0.2525212,0.1381408,0.3458013,0.2395727,0.1723218,0.3942435,0.6382785,0.6143361,0.5401289,0.5327957,1
0.1215626,0.07342442,0.3118273,0.2674168,0.2052156,0.4741857,0.6515684,0.5048134,0.1484611,0.5425513,1
0.07602454,0.03921609,0.2076286,0.5198318,0.3951696,0.4532616,0.6169572,0.5629631,0.6738834,0.3345451,1
0.07207023,0.04433111,0.2126256,0.5266508,0.4351756,0.4417724,0.6223885,0.511227,0.2721066,0.2793818,1
0.0878635,0.03559883,0.2162921,0.4893738,0.3778338,0.4552205,0.6168874,0.5199651,0.2308889,0.3624156,1
0.06806621,0.0440144,0.2112064,0.5627912,0.4104312,0.4590844,0.6007925,0.5642362,0.8351678,0.3392975,1
0.09685247,0.04012918,0.2202543,0.5234686,0.4588828,0.4672947,0.6216465,0.5530522,0.6856555,0.4536439,1
0.05659827,0.02720979,0.158013,0.8250937,0.7602608,0.4461049,0.6156258,0.548242,0.2938578,0.286303,1
0.274615,0.1149445,0.2353341,0.4201614,0.3563491,0.3426692,0.4628634,0.4694989,0.01526667,0.6399661,1
0.05393922,0.05822601,0.1832643,0.4627799,0.3353089,0.4684402,0.5992831,0.5365893,0.2671456,0.4949931,1
0.05370764,0.0475322,0.1229155,0.6545061,0.4913321,0.46501,0.6094508,0.5571033,0.5804467,0.197115,0
0.05617964,0.0590451,0.2205204,0.534038,0.4670322,0.4243653,0.5591277,0.5539707,0.577,0.3802663,1
0.1198572,0.06560601,0.3248669,0.3167405,0.2286264,0.4597275,0.6320788,0.5009699,0.1589467,0.4554344,0
0.5452999,0.2744659,0.391573,0.09773839,0.08297525,0.07643602,0.8990583,0.4229909,0.9949355,0.07741366,1
0.2102297,0.07453488,0.3877883,0.3009433,0.2204771,0.3820424,0.4506671,0.4920485,0.8498955,0.3646576,1
0.05913818,0.05432402,0.1776759,0.6862144,0.465106,0.4439225,0.6145136,0.4934202,0.8286822,0.4486791,1
0.04824042,0.06948499,0.1126257,0.6670076,0.4969625,0.4174948,0.6061424,0.5760868,0.1658967,0.4280551,0
0.4817564,0.2101236,0.3549379,0.1869531,0.1781005,0.2490395,0.7871105,0.6218576,0.1221133,0.644765,1
0.07217602,0.0297244,0.09213479,0.6390499,0.459031,0.4338171,0.5980868,0.5454591,0.1694322,0.4044935,0
0.6561042,0.1313361,0.5011532,0.09910218,0.08430879,0.1208424,0.8721647,0.6077836,0.7898211,0.04795091,1
0.05473524,0.03718982,0.2437611,0.5375611,0.4332494,0.4514243,0.6233359,0.5026371,0.3079778,0.2876084,1
0.08155298,0.05642947,0.1768184,0.4813047,0.3762039,0.4369501,0.5249408,0.5572321,0.9927511,0.4677718,1
0.08281491,0.04572669,0.1706683,0.5877941,0.5586013,0.4686494,0.6237558,0.5079442,0.07067667,0.4126792,0
0.2473917,0.05626136,0.2153459,0.7458802,0.7215884,0.3873078,0.4409124,0.4903352,0.2495522,0.6508112,1
0.06539353,0.04590416,0.1413956,0.5455166,0.3575345,0.4736203,0.6142913,0.5512774,0.9359167,0.4344394,1
0.2392733,0.05285005,0.2526907,0.4669849,0.3753149,0.5550978,0.4616829,0.5110369,0.9564422,0.3955087,1
0.04288384,0.05500191,0.1894736,0.5740424,0.4688102,0.456241,0.6209444,0.581009,0.4042989,0.3975009,1
0.7034589,0.1546606,0.5149024,0.09296511,0.0708253,0.2251595,0.3862421,0.4768279,0.8249889,0.4248747,1
0.09873186,0.03454065,0.1461265,0.5530174,0.4132464,0.4316723,0.5539179,0.5719688,0.5038745,0.3258338,1
0.2354742,0.1381041,0.4232998,0.2653711,0.2560379,0.4502488,0.677857,0.4659601,0.03907889,0.6803603,0
0.1133357,0.06148872,0.2039621,0.4672122,0.3644984,0.4412898,0.6220573,0.5673987,0.8380378,0.3456366,1
0.1520339,0.03674946,0.3345653,0.331174,0.2440362,0.5030632,0.6262709,0.5087121,0.06867222,0.3484069,1
0.2763274,0.2241612,0.5282081,0.1878623,0.1346866,0.399069,0.4189294,0.4260989,0.1742889,0.6006157,1
0.09469268,0.03051462,0.2084861,0.5623366,0.3791673,0.4536881,0.5965835,0.538089,0.8292445,0.5291095,1
0.1350039,0.03785328,0.2299231,0.6472326,0.6123871,0.3966299,0.5152113,0.5585019,0.05099778,0.5687167,0
0.0384897,0.04410957,0.1848315,0.8023639,0.7052897,0.4360404,0.6043357,0.5228074,0.36958,0.4584772,1
0.2703291,0.07353598,0.3679775,0.4133424,0.3024152,0.3336029,0.4700893,0.5624452,0.1812667,0.7941322,1
0.275077,0.09210436,0.3520994,0.3600409,0.2755964,0.3617035,0.5400017,0.4893706,0.2262156,0.7214675,1
0.06513283,0.0636164,0.07261971,0.4348222,0.3265669,0.4759932,0.5463157,0.50408,0.8755345,0.08080385,1
0.04354284,0.04010617,0.1415435,0.6506421,0.4418432,0.4664696,0.5976728,0.5472764,0.5460111,0.3984544,0
0.06524621,0.03959483,0.117741,0.494829,0.3487924,0.4497536,0.6146764,0.5511473,0.1555133,0.3062675,1
0.2141625,0.22794,0.3193377,0.2633254,0.1792858,0.5052645,0.6739716,0.6010729,0.19706,0.716965,1
0.5623042,0.4018508,0.7117682,0.06648483,0.03882056,0.2552055,0.3297174,0.377725,0.8953889,0.3756879,1
0.09122641,0.03451217,0.2357776,0.4806228,0.4190251,0.4506378,0.5568947,0.5419485,0.5813655,0.4268926,1
0.1477956,0.05414616,0.2586044,0.4539152,0.4421396,0.4831795,0.6656345,0.562988,0.1123867,0.478381,0
0.2419108,0.09954365,0.3119456,0.1879759,0.1392799,0.3195295,0.7165763,0.5898754,0.06086778,0.4726959,0
0.04722888,0.06907272,0.1628031,0.540516,0.3984294,0.440674,0.594228,0.5598188,0.9749167,0.4294042,1
0.1588534,0.02829918,0.2776759,0.325037,0.2495184,0.4847802,0.6202232,0.5581851,0.4641045,0.2400784,1
0.4019646,0.2823233,0.6402425,0.1071713,0.08519781,0.4805177,0.438792,0.704012,0.9061056,0.8166903,1
0.1666653,0.1274227,0.3546422,0.26378,0.1640243,0.4798797,0.5057513,0.5904191,0.5652834,0.3298522,1
0.05380252,0.03737431,0.1653164,0.7428117,0.526152,0.4564528,0.5640709,0.5509365,0.6171666,0.1267998,1
0.04796184,0.03621744,0.09284447,0.685987,0.5551934,0.4650146,0.6037065,0.5287421,0.8809222,0.2447515,0
0.2976915,0.1159695,0.4630692,0.1628594,0.122833,0.4083165,0.4019797,0.5951493,0.4480133,0.3117705,1
0.07728585,0.06734873,0.200887,0.475054,0.3668692,0.4108029,0.5375758,0.4888949,0.2561078,0.379016,1
0.1092956,0.07149839,0.2814606,0.365837,0.2505556,0.4504017,0.5314627,0.5030288,0.03224222,0.2313704,0
0.7090728,0.3709867,0.781638,0.02863962,0.02904134,0.2402763,0.3326972,0.3222724,0.9798678,0.5777117,1
0.2111933,0.04047867,0.3097871,0.3116263,0.2252185,0.4745468,0.6578118,0.5148402,0.36712,0.355041,1
0.06895983,0.05028083,0.2190124,0.5118763,0.3250852,0.4714159,0.620129,0.5193958,0.1250911,0.3698311,1
0.7572374,0.5064985,0.4746895,0.1259234,0.1028301,0.8009195,0.3499217,0.8235394,0.7077122,0.1362085,1
0.07359587,0.08116248,0.1951508,0.372656,0.3784264,0.4457621,0.6308119,0.559984,0.50075,0.4583203,1
0.07094987,0.04620294,0.1454464,0.6573474,0.4843681,0.4215266,0.6060036,0.5457302,0.31838,0.2521787,1
0.07002896,0.0534667,0.1825547,0.4623253,0.3495333,0.423218,0.6068963,0.5578603,0.6290667,0.2222015,1
0.3871283,0.4045978,0.4322295,0.09171497,0.09319899,0.430499,0.4694147,0.7769102,0.6242533,0.3288365,1
0.3308992,0.09423985,0.3870787,0.1714968,0.1265373,0.3621428,0.4992552,0.4876117,0.7980256,0.5265178,1
0.1856117,0.08315521,0.2043761,0.2794636,0.1538006,0.4120663,0.5082357,0.4920638,0.2397411,0.07597014,1
0.4250354,0.2764547,0.3600532,0.2981021,0.2219588,0.561561,0.8056177,0.379688,0.01827,0.4966911,1
0.07699091,0.08560976,0.199113,0.5616547,0.4959254,0.4298,0.5412157,0.4973253,0.9843,0.2926877,1
0.457628,0.4518765,0.680899,0.05807478,0.06741739,0.3103749,0.4138456,0.7590527,0.65251,0.7045422,1
0.04215421,0.05965201,0.1310171,0.5976815,0.4689584,0.4439535,0.6229582,0.550065,0.07568778,0.1106941,1
0.1869879,0.06688964,0.3706091,0.2616206,0.1818047,0.4828024,0.6500008,0.4804316,0.6326755,0.2856718,1
0.06085661,0.03810681,0.1882909,0.6907603,0.526152,0.4677648,0.6202701,0.5194052,0.9204256,0.08648425,1
0.0433743,0.02705728,0.1632762,0.9482896,0.6298711,0.4352497,0.6034042,0.5235016,0.92887,0.3444241,1
0.5135067,0.1940772,0.2996452,0.5098307,0.4147281,0.3359413,0.2702486,0.4893299,0.2048556,0.6262794,1
0.05633363,0.05667325,0.1737433,0.5231276,0.4445103,0.4582501,0.6140949,0.561712,0.2998667,0.3114306,0
0.1938768,0.1028017,0.5486398,0.1745653,0.142836,0.4589587,0.6879004,0.4885931,0.02838889,0.5163738,0
0.07350463,0.05920151,0.2150503,0.4744857,0.3550155,0.4731894,0.6201947,0.5905951,0.6972266,0.5113919,1
0.4255022,0.2375885,0.6372561,0.1214911,0.08579049,0.5315662,0.7696931,0.4383966,0.9582211,0.7982038,1
0.7986956,0.5665414,0.4782082,0.07648596,0.05956438,0.8058013,0.3422323,0.8462173,0.4961666,0.1705241,1
0.04306814,0.03808185,0.1601419,0.7328105,0.5528226,0.4414723,0.5953892,0.551194,0.3757344,0.3795117,1
0.06094664,0.03685048,0.1723536,0.6259802,0.4935546,0.4129161,0.5467361,0.5108874,0.69668,0.3310177,1
0.07534674,0.08755647,0.1709048,0.3385612,0.2815232,0.4286186,0.532322,0.5793864,0.09122666,0.1952616,1
0.054945,0.07223284,0.1953578,0.6321173,0.4771077,0.4376943,0.556681,0.5267574,0.7540689,0.239896,1
0.05985901,0.04385526,0.1909521,0.6966701,0.5765299,0.4541742,0.6137167,0.5057752,0.06593778,0.5404958,1
0.2470319,0.09302526,0.248078,0.5096034,0.4148763,0.4264981,0.3951275,0.5073109,0.2999111,0.4142696,1
0.2123779,0.1461062,0.3843583,0.1579725,0.1182397,0.5011799,0.7277582,0.4773466,0.3505889,0.4262525,0
0.1677972,0.04349798,0.2787108,0.3384476,0.2486294,0.4553975,0.6988449,0.5621266,0.4005622,0.5190579,1
0.2376895,0.05830675,0.3670313,0.2202523,0.156764,0.3995092,0.6454309,0.5670788,0.725,0.3474305,1
0.2989253,0.1633157,0.3264932,0.3116263,0.2136613,0.5138782,0.7452775,0.4774837,0.4096645,0.1745439,1
0.08898357,0.02456647,0.2220284,0.5717695,0.4625871,0.471475,0.6112304,0.5356855,0.03364667,0.3333532,1
0.168796,0.1834325,0.3092253,0.2624162,0.2058083,0.3898807,0.5412104,0.6099313,0.3721267,0.5250887,1
0.1343797,0.09376985,0.2782082,0.2802591,0.2006223,0.4210417,0.5100798,0.5802929,0.9804711,0.1560964,0
0.1599128,0.0713061,0.4182141,0.2370724,0.166395,0.4859005,0.6523179,0.5111272,0.02621111,0.4553211,0
0.253503,0.09398047,0.4401242,0.2500284,0.1721737,0.4196957,0.6864405,0.5704901,0.0292,0.6801418,0
0.06395367,0.06137756,0.2002661,0.4610751,0.3579789,0.4701602,0.6133255,0.5478995,0.1130278,0.1600521,0
0.0485781,0.03991661,0.1415435,0.7370155,0.5094088,0.4382591,0.6102138,0.5164338,0.2991567,0.1757131,1
0.1511515,0.04519818,0.1702838,0.3719741,0.2720403,0.4535635,0.6592528,0.5511281,0.3603556,0.2421841,1
0.4378941,0.2079202,0.490479,0.09432891,0.08830938,0.298957,0.7446464,0.4660772,0.49101,0.49238,1
0.1112592,0.06394989,0.2286812,0.3554949,0.243888,0.4193424,0.5351557,0.5036852,0.0009122222,0.4660701,0
0.1084644,0.0833908,0.3074512,0.309126,0.244777,0.4615552,0.6284774,0.5766947,0.2005567,0.429352,0
0.07603332,0.06895766,0.2340331,0.3383339,0.2339606,0.4510076,0.6173276,0.548951,0.5887766,0.4319578,1
0.5476671,0.4561479,0.5847427,0.113081,0.0946807,0.3642401,0.2797471,0.274493,0.04908333,0.5412587,1
0.04520459,0.02825978,0.195683,0.8552108,0.9140614,0.4565825,0.6155869,0.5300769,0.3250867,0.5069358,1
0.04004292,0.02907185,0.0851271,0.8836231,0.8081198,0.4421323,0.5799288,0.5450318,0.1676333,0.3196486,1
0.0482295,0.02856558,0.04651091,0.8000909,0.5839384,0.4420667,0.5953432,0.5480331,0.7815789,0.4386423,0
0.0431027,0.05582568,0.1640449,0.3602682,0.2672988,0.4346313,0.5847883,0.4900459,0.9617255,0.3180732,1
0.5623406,0.3258345,0.3832348,0.2528696,0.1929175,0.2434636,0.2972333,0.3592696,0.6628222,0.5865731,1
0.1514643,0.04957798,0.1897989,0.474713,0.3225663,0.4928559,0.6810932,0.508393,0.0003222222,0.2607425,0
0.04495572,0.04761489,0.155618,0.61632,0.4716254,0.4394751,0.6006123,0.5611526,0.5358955,0.357348,1
0.3769201,0.08456171,0.2464814,0.2846915,0.1973626,0.5413496,0.8081989,0.5037057,0.03452555,0.4446227,1
0.2312959,0.06898028,0.2328504,0.409592,0.2803378,0.372775,0.4976346,0.5675898,0.6169222,0.169163,1
0.05659645,0.04963453,0.1782377,0.5143766,0.3784264,0.4504902,0.6068607,0.5228849,0.2157744,0.2837498,1
0.6046755,0.4106451,0.4848315,0.104671,0.08104904,0.2985608,0.4190612,0.2183607,0.36543,0.547419,1
0.1259579,0.03239502,0.200887,0.5485851,0.4910357,0.4665185,0.6494287,0.55549,0.5458333,0.3509124,1
0.1129422,0.03675804,0.2133353,0.4372088,0.3845014,0.4747707,0.6332023,0.547132,0.6965722,0.3774298,1
0.4766848,0.4669599,0.5774098,0.09932948,0.06697288,0.748452,0.4287764,0.6089751,0.9248689,0.5758848,1
0.717973,0.3666974,0.4018332,0.2512785,0.2084753,0.2147762,0.2735136,0.3843644,0.7253667,0.5026813,1
0.5621266,0.4398893,0.4043465,0.2099102,0.1231294,0.2925663,0.3125837,0.2409678,0.3463055,0.3992151,1
0.2147745,0.1206032,0.3606741,0.3451529,0.2710031,0.43787,0.6320503,0.5903734,0.05164444,0.7185817,0
0.3661518,0.2110979,0.3144884,0.2368451,0.1788413,0.5709318,0.6878659,0.4536642,0.1913789,0.3897206,1
0.1706326,0.09479254,0.2812241,0.2982157,0.2416654,0.3963902,0.6650991,0.5831694,0.2302778,0.6077696,1
0.1046568,0.05940277,0.2351863,0.6039323,0.4052452,0.4893654,0.6055771,0.5065127,0.6959433,0.3671018,1
0.09582971,0.04658478,0.1767889,0.5302876,0.459031,0.4375673,0.5546915,0.5375422,0.8289822,0.2526518,1
0.09840539,0.0948335,0.2515376,0.3525401,0.2555934,0.4468196,0.5752221,0.4999983,0.2587689,0.3930075,1
0.3912247,0.3567786,0.4080721,0.3369701,0.2373685,0.2324624,0.7820755,0.6769372,0.5376022,0.6984755,1
0.06233163,0.06167633,0.1910113,0.542448,0.4633279,0.4372496,0.5935841,0.5005863,0.8235622,0.4844604,1
0.04557046,0.02368458,0.1525133,0.9530628,0.8813158,0.4575061,0.6138451,0.521234,0.50363,0.2332115,1
0.1956695,0.07492492,0.2293022,0.3451529,0.2624092,0.5256261,0.4572623,0.5546405,0.4402233,0.2615589,1
0.03896439,0.05751886,0.1025429,0.657802,0.533116,0.424965,0.5502093,0.5000958,0.8769922,0.2082836,1
0.2559693,0.2020243,0.4633353,0.109217,0.08119722,0.4224901,0.4481802,0.6115153,0.39589,0.4241707,1
0.04569626,0.03040268,0.1613837,0.8550972,0.7355164,0.4410768,0.5674078,0.5100938,0.3504011,0.4146861,1
0.08413685,0.04765273,0.2084861,0.4315263,0.3256779,0.4352335,0.608214,0.5561426,0.7593556,0.3331309,1
0.05164455,0.0363052,0.1785925,0.6805319,0.4237665,0.4737006,0.6046743,0.5723433,0.3829978,0.2882276,1
0.5330518,0.3292997,0.6039326,0.06784862,0.04889613,0.2318886,0.2979425,0.6867563,0.85376,0.4487641,1
0.02781413,0.03905617,0.07811941,0.9127173,0.6965477,0.4300762,0.5700277,0.5637787,0.1938756,0.2337557,0
0.06540171,0.04608163,0.2490242,0.555745,0.3837606,0.4598406,0.55651,0.507692,0.6982489,0.4615787,1
0.05358153,0.04341881,0.1599349,0.7378111,0.6269077,0.4631201,0.6127988,0.5574579,0.6448222,0.4647227,1
0.5636805,0.2233308,0.5372264,0.03864076,0.03511631,0.2619748,0.3652984,0.6607065,0.2446333,0.2823457,1
0.208119,0.07342988,0.2792135,0.1860439,0.1283153,0.4263647,0.4211455,0.48899,0.9615856,0.3387886,1
0.5979421,0.2120149,0.3924601,0.2768497,0.1924729,0.2994199,0.2528908,0.4935306,0.79702,0.6450998,1
0.3428879,0.2681776,0.4711118,0.1536538,0.1174989,0.35195,0.3796485,0.6577525,0.2941222,0.698688,1
0.3869027,0.1632037,0.3436132,0.3175361,0.2812268,0.3065319,0.7559301,0.5792891,0.8637533,0.5678796,1
0.04632707,0.04332208,0.1664991,0.5907489,0.4288043,0.4242141,0.5685112,0.510591,0.86459,0.3203569,1
0.2719923,0.07347357,0.281372,0.3734515,0.2830049,0.4969465,0.7673219,0.4964968,0.3851889,0.6223788,1
0.02646127,0.04345859,0.04447074,0.840891,0.6174248,0.4574441,0.5716976,0.5629266,0.6243778,0.344062,1
0.07904339,0.06591843,0.2253105,0.3542448,0.3061194,0.4533809,0.5586476,0.5471343,0.003306667,0.5003585,0
0.0651089,0.06486025,0.1403903,0.7880441,0.7774485,0.4357843,0.6149194,0.5026571,0.2322511,0.3590622,1
0.1014042,0.03760327,0.2506209,0.4748267,0.3212328,0.4010875,0.5722744,0.5258456,0.01997333,0.4386767,1
0.3960087,0.3080002,0.4429036,0.2973065,0.1720255,0.3213421,0.7651446,0.6643685,0.8199022,0.6606026,1
0.1407533,0.06882348,0.1411887,0.3209456,0.2391465,0.4867382,0.6247621,0.5063294,0.24463,0.2415825,1
0.03534565,0.04405224,0.1360438,0.7292874,0.6140169,0.4401123,0.5895413,0.5118212,0.5182411,0.4005807,0
0.1018956,0.09438846,0.3204021,0.2480964,0.1738035,0.4566688,0.5531411,0.4781376,0.006705556,0.1859592,1
0.3998803,0.346334,0.5277055,0.1177407,0.1383909,0.4569291,0.6743267,0.4554252,0.9969566,0.7229201,1
0.1093523,0.07953054,0.2459491,0.3741334,0.2732257,0.4746837,0.6266374,0.4995358,0.33437,0.392219,1
0.1224122,0.0923068,0.2304257,0.2749176,0.201215,0.3780632,0.6196783,0.5004898,0.01487445,0.2278056,1
0.235188,0.1480478,0.5813128,0.100466,0.07912283,0.3798518,0.7067639,0.5874609,0.002522222,0.5241528,0
0.3321148,0.2430619,0.4181549,0.241732,0.2037339,0.3199099,0.3987188,0.5037109,0.5181555,0.6970331,1
0.1858069,0.1165721,0.311236,0.4611888,0.3158986,0.4506286,0.5028492,0.5857369,0.1848444,0.8749328,1
0.2293783,0.1245466,0.3604081,0.2688942,0.2244777,0.4948916,0.7357568,0.5759375,0.1967867,0.3442562,0
0.02194223,0.03656068,0.2511236,0.4888056,0.4350275,0.4699705,0.6027849,0.555797,0.5346211,0.1795,1
0.02736974,0.04133403,0.124039,0.8814638,0.6160913,0.4573794,0.5879451,0.5644644,0.1220744,0.3023871,1
0.2469091,0.07245517,0.3378474,0.2928742,0.2416654,0.3281035,0.6506987,0.5698386,0.2290156,0.5767353,1
0.0706431,0.009414858,0.07791243,0.6104102,0.4384353,0.4038211,0.5481823,0.5249391,0.7009611,0.4619832,1
0.1592744,0.07725153,0.2381431,0.3352654,0.2431471,0.4486962,0.6623098,0.4894082,0.5309433,0.1477109,1
0.06610981,0.1005745,0.2420757,0.3481078,0.2498148,0.4613898,0.6132526,0.5724095,0.3212111,0.2023163,1
0.3604057,0.09628289,0.4138971,0.2788953,0.2086235,0.3702434,0.7032331,0.5816143,0.09985556,0.6918356,1
0.03994259,0.06057134,0.1456239,0.5794976,0.4880723,0.4505466,0.5537536,0.5343865,0.4965778,0.4458326,1
0.328858,0.0328229,0.1622117,0.738152,0.516521,0.2975795,0.7453818,0.5010656,0.7291788,0.4442816,1
0.05215471,0.04828654,0.1162626,0.721673,0.5449696,0.4294452,0.5597815,0.5062721,0.6602556,0.3338046,0
0.1538921,0.08433198,0.3123891,0.3083305,0.288339,0.4275275,0.6490769,0.5215537,0.8587867,0.4171143,1
0.07961872,0.05612485,0.1661147,0.4311854,0.3182694,0.4067766,0.545908,0.5099531,0.5633144,0.2420345,1
0.07224998,0.08383467,0.2564163,0.3401523,0.2723366,0.449422,0.6229941,0.5037993,0.5919234,0.3270412,0
0.09980858,0.07029433,0.3169722,0.2856007,0.2243295,0.4376096,0.6024569,0.5773008,0.7405044,0.4749323,1
0.1080415,0.02389208,0.2309876,0.5103989,0.4452512,0.3980463,0.516529,0.515235,0.5358111,0.1376301,1
0.05997632,0,0.1746895,0.8028185,0.5500074,0.4696141,0.6051517,0.5337576,0.2958778,0.4664991,1
0.06515982,0.05493795,0.1899764,0.4295943,0.2951548,0.4337255,0.5656252,0.5137037,0.07718889,0.2413628,0
0.0518628,0.05574065,0.2124778,0.5769973,0.4258409,0.4703001,0.5674307,0.5255333,0.01045778,0.478646,0
0.09197544,0.07128621,0.242401,0.466303,0.33279,0.4739487,0.6547756,0.5109037,0.9754767,0.2787787,1
0.583014,0.1383853,0.2366055,0.6054097,0.4333976,0.2832843,0.3544863,0.5820715,0.5977556,0.6621277,1
0.1285448,0.06306683,0.2989059,0.272531,0.1843236,0.4441669,0.6378434,0.5765353,0.9865889,0.3704769,1
0.09740598,0.04279318,0.2659964,0.4580066,0.3078975,0.4285191,0.5480557,0.5239499,0.8311745,0.343506,1
0.09013242,0.08403515,0.307126,0.2861689,0.22996,0.4543381,0.5417391,0.5678005,0.02977778,0.357955,0
0.0375697,0.04462599,0.1174453,0.6472326,0.4514743,0.4451414,0.5701075,0.5229074,0.6794778,0.4455412,1
0.04359649,0.04004961,0.09213479,0.6517786,0.459031,0.4204502,0.5649436,0.521036,0.7951,0.1861067,1
0.05067029,0.05646067,0.10822,0.8174793,0.572233,0.4348348,0.5979442,0.5578888,0.9202178,0.09939155,1
0.08906935,0.0525544,0.119929,0.5113081,0.4139873,0.4900909,0.6056176,0.5193815,0.6524722,0.4547759,1
0.06157108,0.04343636,0.1991721,0.5864303,0.4400652,0.4582448,0.5596305,0.5600098,0.5193555,0.2285198,1
0.05833216,0.04040962,0.1223536,0.5772247,0.4280635,0.457268,0.5548287,0.5235325,0.9168622,0.4481187,1
0.1027471,0.09561007,0.270757,0.2646892,0.1880279,0.4761579,0.6241269,0.5164698,0.4881444,0.1506849,1
0.06757847,0.03862128,0.155618,0.5504035,0.3856868,0.4612996,0.6113145,0.5170031,0.2502222,0.1019429,1
0.3862959,0.2396416,0.6742461,0.05966587,0.05319307,0.3768549,0.7394183,0.6395566,0.5442667,0.5318124,1
0.1587088,0.1065722,0.2539621,0.2863962,0.2241814,0.4143136,0.4792472,0.5727089,0.5056911,0.1304485,1
0.1287012,0.06855201,0.2859846,0.2743494,0.2184027,0.398196,0.5251334,0.5709108,0.79246,0.2951788,1
0.169492,0.08154668,0.2656712,0.2978748,0.2321825,0.5006834,0.6952089,0.5200034,0.6387578,0.2902099,1
0.03902956,0.05726611,0.1691011,0.7520173,0.6289821,0.4409027,0.5575924,0.5002068,0.5868,0.3134052,1
0.04849959,0.04627275,0.1926079,0.6875781,0.5237813,0.4455985,0.6148907,0.5524559,0.09743111,0.4556974,1
0.6251245,0.2396432,0.5570077,0.08341857,0.0718625,0.2176708,0.3176577,0.4294394,0.9276289,0.4597984,1
0.6318388,0.398585,0.4037256,0.1662689,0.1629871,0.2811326,0.2586787,0.3045486,0.6314911,0.3958405,1
0.05444393,0.04425077,0.1869308,0.6193885,0.4882205,0.4372153,0.5486377,0.5157732,0.07384667,0.2962994,0
0.04906038,0.067628,0.1785925,0.6521195,0.6052749,0.4463779,0.6128575,0.5803922,0.5133811,0.4570894,1
0.05386132,0.07918809,0.1935837,0.4633481,0.3770929,0.4300059,0.6055015,0.5139762,0.08051445,0.4546616,1
0.1707284,0.04255057,0.2961857,0.3907262,0.2757446,0.5137305,0.6735757,0.5176631,0.04261778,0.5140229,1
0.0943847,0.07039769,0.2093436,0.3291283,0.2237368,0.4669954,0.6138002,0.5694752,0.1694422,0.4810637,1
0.138495,0.04948242,0.2766706,0.4414138,0.3724997,0.3844111,0.5396107,0.5809509,0.5214978,0.5808872,1
0.5452684,0.2261762,0.6900946,0.05762019,0.05037783,0.2730293,0.3150582,0.6152146,0.5672111,0.4549125,1
0.3468589,0.3489555,0.4370195,0.2967383,0.2052156,0.4987462,0.4558812,0.838028,0.3650644,0.7443121,1
0.1655122,0.02398569,0.3126552,0.3865212,0.2650763,0.516601,0.6524994,0.5393315,0.2807722,0.4772402,1
0.08609142,0.05989071,0.2544057,0.3977725,0.2837457,0.4305117,0.5384172,0.5039447,0.1376189,0.4025533,0
0.09440894,0.04750139,0.2556179,0.4027731,0.3505704,0.4644868,0.6332711,0.5523429,0.48265,0.4991284,1
0.3641563,0.07368809,0.2704612,0.226503,0.1677286,0.4054348,0.3101454,0.5130333,0.3484611,0.2600045,1
0.2170534,0.1286015,0.3829095,0.1474031,0.1100904,0.3230372,0.6457145,0.5803347,0.4817544,0.4133691,1
0.2547701,0.08310646,0.2189237,0.420275,0.3372352,0.496918,0.7354199,0.5117232,0.8645333,0.2729118,1
0.06561784,0.07074405,0.1862212,0.5617684,0.3953179,0.4245638,0.597666,0.5744134,0.1784233,0.3318159,0
0.3129377,0.2665893,0.4899468,0.06728038,0.06074974,0.4330968,0.7699413,0.3786311,0.7228122,0.2720641,1
0.3511621,0.1171521,0.2581905,0.4281169,0.3526448,0.3198588,0.6975073,0.48318,0.15984,0.4301341,1
0.06032553,0,0.04754579,0.7937266,0.5442288,0.4432203,0.5819671,0.566637,0.01452222,0.2077117,0
0.1693807,0.03234432,0.1292431,0.4701671,0.3932435,0.4933104,0.6571028,0.5127795,0.9735411,0.4097395,1
0.09203516,0.01822983,0.1404494,0.717127,0.5068899,0.4021311,0.5484828,0.5313594,0.4966622,0.07287775,1
0.4868456,0.1910887,0.4634832,0.17627,0.1009038,0.2879601,0.4187828,0.4187139,0.7871889,0.5222433,1
0.07545678,0.06928919,0.1218214,0.5368792,0.4132464,0.4257888,0.5664415,0.5063849,0.2795945,0.2828697,1
0.4850317,0.2831915,0.239385,0.3335606,0.2324789,0.2190506,0.8560179,0.7076763,0.09717444,0.4925572,1
0.5435861,0.3518305,0.4500887,0.1377429,0.09942214,0.2387006,0.4218319,0.7551184,0.8935389,0.5824034,1
0.0776008,0.0427846,0.1745121,0.5232413,0.3765002,0.4246171,0.6064434,0.5029941,0.1517,0.1754625,1
0.255627,0.2075313,0.4811058,0.1859302,0.1450585,0.3962729,0.4534391,0.4288937,0.6645333,0.6181505,1
0.3939666,0.3468832,0.3377291,0.3623139,0.325826,0.3711004,0.3024625,0.329895,0.7491533,0.5515013,1
0.03941666,0.04144051,0.1586044,0.6387089,0.4431768,0.4216021,0.5478435,0.5521187,0.9603812,0.3176967,1
0.04417516,0.04826041,0.2091957,0.6151835,0.4268781,0.4646192,0.6083341,0.5064635,0.1858833,0.3660597,1
0.02559553,0.04538462,0.07069777,0.7953176,0.5814195,0.4281456,0.5976183,0.5584052,0.3966,0.4119387,0
0.05390739,0.04953429,0.1206386,0.5494943,0.3741295,0.4598401,0.6014457,0.5535279,0.5842777,0.3932772,1
0.07356828,0.03677715,0.1763749,0.5517673,0.3925026,0.4661671,0.6076353,0.5420172,0.5704933,0.439755,1
0.05830003,0.06624062,0.1988468,0.3804978,0.2861165,0.4368738,0.5578043,0.5214617,0.1008222,0.4087967,0
0.22633,0.08448644,0.3411295,0.1883169,0.1389836,0.4751658,0.6620886,0.4810584,0.98818,0.4888233,1
0.2969943,0.268277,0.4666173,0.133197,0.09794044,0.3746386,0.4694621,0.4641519,0.3625545,0.6958414,1
0.04125937,0.03229088,0.1626552,0.8320263,0.8192325,0.4438137,0.5627562,0.5569239,0.78449,0.2692459,1
0.1947356,0.1365303,0.3167652,0.2710535,0.1902504,0.362848,0.4792472,0.5862328,0.05538889,0.4862045,1
0.06948515,0.02678737,0.1243052,0.6867825,0.4731071,0.474021,0.6147109,0.5246438,0.1831145,0.4355974,1
0.1787559,0.05792139,0.3290656,0.4284578,0.2905616,0.3585867,0.6397442,0.5021191,0.1253367,0.6086214,1
0.7010399,0.7290996,0.9574808,0.0006818956,0.01022374,0.3968326,0.3825883,0.9352268,0.9549177,0.3056808,1
0.03869188,0.03885959,0.1381431,0.6071144,0.4261372,0.4397886,0.6094936,0.5480095,0.4706733,0.1445335,1
0.311211,0.3572973,0.4963335,0.2103648,0.1678767,0.2678926,0.7358823,0.3430304,0.8399889,0.8641413,1
0.08901267,0.07074054,0.2174453,0.3081032,0.2507038,0.4756677,0.6296939,0.4962894,0.1931111,0.2180035,0
0.07083558,0.03642689,0.1812833,0.5854074,0.4299896,0.4714682,0.6012587,0.497816,0.9810044,0.3503271,1
0.166602,0.04081176,0.255411,0.4418684,0.2915987,0.4910698,0.6260499,0.5520043,0.7898089,0.09477735,1
0.2727223,0.1052539,0.2609698,0.4868735,0.4056897,0.3734077,0.4605362,0.5861616,0.5535055,0.559185,1
0.04788303,0.0259246,0.1183323,0.6498466,0.4602163,0.4706863,0.5814241,0.5456001,0.7665955,0.1487923,1
0.2308739,0.1588614,0.5118273,0.2391181,0.1806194,0.4278525,0.5151329,0.4942699,0.01538889,0.7331808,0
0.2224506,0.06786709,0.2203725,0.4341403,0.3089347,0.3834902,0.4219263,0.5045946,0.9074411,0.1559212,1
0.04852233,0.04898355,0.1632762,0.6528014,0.5631946,0.4573043,0.6089172,0.5581732,0.4726333,0.430924,1
0.1383586,0.06596407,0.1601419,0.4823276,0.3382723,0.3952025,0.5116565,0.5082647,0.7511667,0.1606036,1
0.2112791,0.05793426,0.3848906,0.2549153,0.1810639,0.4766056,0.6899016,0.5715934,0.09516777,0.456372,1
0.1033764,0.05273693,0.2974276,0.3585635,0.2748555,0.4070517,0.550206,0.5518395,0.4769078,0.3645808,1
0.04317575,0.02597335,0.1337374,0.9677236,0.7029189,0.4605675,0.6062711,0.5446062,0.4987878,0.2957309,1
0.3621921,0.354842,0.5280603,0.09035119,0.05719366,0.4444768,0.5192062,0.7172308,0.4807122,0.2263676,1
0.4183244,0.2768997,0.4016558,0.1817252,0.1321677,0.325334,0.3712026,0.6451486,0.5335445,0.1737984,1
0.6446369,0.3445535,0.4478711,0.1405842,0.1163135,0.1591791,0.3252301,0.7106454,0.8397245,0.407318,1
0.354358,0.3484933,0.5620342,0.1042164,0.06178693,0.346158,0.4864854,0.3576165,0.2892467,0.5503722,1
0.1090373,0.04843983,0.2468066,0.3849301,0.2985627,0.4441223,0.6168996,0.5078846,0.4989444,0.518836,1
0.5046911,0.2541906,0.3640745,0.1902489,0.143725,0.375802,0.2495916,0.6185171,0.6388655,0.2857133,1
0.05824334,0.0902544,0.1812833,0.3595863,0.2498148,0.4887872,0.6069081,0.5085755,0.7559911,0.1776794,1
0.02921579,0.04397696,0.1967475,0.5482441,0.3604978,0.4190026,0.5601018,0.5632301,0.6000511,0.4938395,1
0.249804,0.06064466,0.3662034,0.2510512,0.2243295,0.4890409,0.6668722,0.5621986,0.6054066,0.3542081,1
0.4488828,0.1142491,0.3615908,0.2046824,0.142836,0.2124264,0.8426379,0.6055414,0.8241622,0.4523839,1
0.09693371,0.1027022,0.2552336,0.4130015,0.3215291,0.4664398,0.6469301,0.6075656,0.4854889,0.4382235,1
0.1998248,0.05399911,0.3314903,0.2311626,0.1606164,0.4355072,0.5457738,0.5450497,0.6471044,0.3511673,1
0.6593195,0.7432004,1,0.02227526,0,0.1816161,0.4971424,0.2203016,0.9443944,0.1849723,1
0.4197007,0.3621097,0.6252218,0.09637459,0.07764113,0.274998,0.4448082,0.7047684,0.5744811,0.741065,1
0.09974825,0.06337731,0.3059136,0.3515172,0.2572233,0.4303041,0.5702223,0.514183,0.07844889,0.3421784,0
0.09971612,0.03154824,0.1890302,0.6130242,0.4216921,0.4497483,0.5960026,0.5104267,0.6471689,0.2725571,1
0.1353,0.107396,0.2420757,0.483805,0.3567936,0.390123,0.6640499,0.5803666,0.8543133,0.1127201,1
0.09942815,0.07135837,0.2807215,0.2876464,0.2025485,0.4204427,0.5610892,0.5113765,0.1831444,0.4337645,0
0.0669795,0.08883697,0.2210526,0.6388226,0.5774189,0.4573367,0.6326302,0.4735977,0.5487078,0.2656143,1
0.246121,0.2599223,0.50068,0.221957,0.1526152,0.4659828,0.5090284,0.4955195,0.2464678,0.7216714,1
0.08141688,0.03629896,0.2166173,0.5268781,0.4123574,0.4395525,0.6189689,0.5227765,0.5996322,0.1097254,1
0.05996966,0.05035728,0.1031047,0.6553017,0.4744407,0.4686779,0.6096423,0.5145857,0.2338889,0.4062435,0
0.3076068,0.1478758,0.3761383,0.1235368,0.09423619,0.5220162,0.7538139,0.575947,0.04037778,0.3398376,0
0.06111396,0.05578083,0.1811354,0.483464,0.3409394,0.4442114,0.6198805,0.5454503,0.2315633,0.3434308,0
0.3446339,0.09835792,0.3392667,0.2260484,0.1620981,0.4880273,0.8052029,0.4927767,0.06791111,0.5146784,1
0.2549077,0.1165133,0.4654051,0.1287646,0.1177952,0.526881,0.7126351,0.4876873,0.09194778,0.4141257,0
0.3463193,0.1046189,0.4202247,0.4093647,0.2880427,0.3093529,0.393539,0.4905413,0.3104666,0.6999019,1
0.07284714,0.04105983,0.07806034,0.6428003,0.5061491,0.4628978,0.5663522,0.5529464,0.4430534,0.3852483,1
0.03145773,0.0329403,0.1561206,0.7714513,0.5300045,0.4426978,0.584479,0.5431119,0.7521411,0.2177566,1
0.1279759,0.109677,0.3243347,0.2161609,0.1563195,0.4685266,0.5439266,0.4662725,0.9574255,0.3200027,1
0.04457438,0.06426699,0.1427557,0.5586998,0.4264336,0.4552942,0.6141182,0.5665652,0.3533933,0.198983,0
0.1318301,0.03793909,0.2707865,0.4282305,0.2979701,0.4828408,0.6020473,0.5663436,0.6086255,0.4814339,1
0.05280583,0.06153864,0.1246008,0.5571088,0.4333976,0.4132997,0.610305,0.5085122,0.8998389,0.3784434,1
0.05057026,0.04965169,0.1141632,0.4717582,0.3167877,0.4596202,0.5924192,0.5105307,0.5316566,0.4397874,0
0.4981696,0.2535588,0.3726197,0.1699057,0.1034227,0.5131262,0.8472411,0.6115786,0.24085,0.436031,1
0.7870131,1,0.5402424,0.05909763,0.04785894,0.6566322,0.6739591,0.2874453,0.1145778,0.06197884,1
0.3818157,0.2941392,0.4174453,0.1080805,0.08593865,0.3400946,0.7692233,0.7120113,0.1585967,0.4648117,1
0.0421439,0.0550573,0.1305736,0.6392772,0.5119277,0.450615,0.5537634,0.5183366,0.9281356,0.42237,1
0.06755272,0.1003998,0.2984329,0.2945789,0.2295155,0.4634082,0.6165376,0.5835352,0.2665089,0.418696,0
0.02629455,0.04324992,0.07569484,0.8294125,0.6627649,0.4570377,0.569582,0.5106144,0.3614433,0.1441829,1
0.08845188,0.05869055,0.1930514,0.5575634,0.4074678,0.4537612,0.6203487,0.4943672,0.2927911,0.4505776,1
0.1002272,0.03244846,0.1864281,0.6385953,0.5627501,0.4556566,0.5840014,0.5298206,0.30961,0.322099,1
0.3270477,0.03830027,0.1664991,0.5247187,0.3471625,0.3544057,0.3679257,0.5513954,0.9637544,0.490233,1
0.171723,0.08688871,0.3429331,0.1913854,0.1422433,0.4128177,0.5371034,0.5839226,0.1534111,0.4682734,0
0.06862669,0.04945511,0.2267002,0.4949426,0.3637576,0.4653469,0.6182945,0.5119368,0.3688011,0.4756477,1
0.04148035,0.04211801,0.0659669,0.6000682,0.420655,0.4423165,0.5931618,0.5220927,0.8594444,0.4627744,0
0.1395563,0.08125219,0.3442342,0.2836686,0.2105497,0.4620881,0.6378108,0.5559323,0.02067889,0.5093575,0
0.07060066,0.03206582,0.1270845,0.6670076,0.4818492,0.4729041,0.6180531,0.5494763,0.2100444,0.2215096,1
0.04530553,0.06651092,0.1922826,0.5409706,0.4871833,0.4494603,0.6041517,0.5672074,0.8741444,0.1175002,1
0.103742,0.08844849,0.2685098,0.2519605,0.1766188,0.4711183,0.6130645,0.5715903,0.2835444,0.119355,0
0.2456141,0.2280051,0.5208752,0.1883169,0.1570603,0.3511853,0.4937128,0.6213562,0.49217,0.5658419,1
0.05120986,0.05613265,0.1066824,0.9644278,0.9108016,0.4408153,0.5916878,0.5007159,0.2435589,0.4744842,1
0.1217263,0.04067407,0.189385,0.5927946,0.4061342,0.4851319,0.6223853,0.5331077,0.2191289,0.3362484,1
0.1955434,0.09607656,0.5116795,0.1612683,0.1161654,0.508519,0.6782168,0.4924527,0.05378889,0.4553474,0
0.5314064,0.235164,0.4481668,0.2322991,0.1689139,0.4548314,0.3613535,0.688326,0.3606222,0.6256887,1
0.05908149,0.06771498,0.2209048,0.5254006,0.4535487,0.4513302,0.6192687,0.4967861,0.7234666,0.4452924,1
0.2546383,0.1334587,0.3758131,0.2151381,0.1572085,0.3322691,0.6675836,0.4549388,0.4257778,0.5753042,1
0.07702698,0.03000562,0.1719988,0.5456302,0.4110239,0.4598032,0.5877483,0.5497461,0.2809667,0.4156512,1
0.06993196,0.08838648,0.2011827,0.3517445,0.2597422,0.4675895,0.5499576,0.5638328,0.8784555,0.3910396,1
0.3612939,0.1009088,0.4283264,0.2750313,0.2425545,0.4059643,0.6658971,0.4758213,0.1116722,0.5807727,1
0.3483085,0.1095128,0.4835305,0.2174111,0.2246259,0.3523661,0.5366644,0.6006714,0.6031178,0.5951167,1
0.5141008,0.2826813,0.3861324,0.1439936,0.1081642,0.5177873,0.9268936,0.3198504,0.7503122,0.385051,1
0.232823,0.1471862,0.4571259,0.1579725,0.136761,0.3493679,0.6926262,0.5816443,0.04010556,0.5325185,1
0.1395593,0.07248247,0.2464814,0.2561655,0.1923248,0.4071116,0.5049705,0.4988512,0.6798811,0.3957737,1
0.7332534,0.3946377,0.4604967,0.1477441,0.1069788,0.1275722,0.3196977,0.3153209,0.3721222,0.388632,1
0.05212955,0.0265159,0.03696034,0.8045232,0.6291302,0.4648547,0.6057363,0.5171353,0.4296211,0.1961599,1
0.05918122,0.03928201,0.144175,0.6242754,0.4713291,0.4503405,0.6115337,0.5139388,0.1153111,0.4362165,0
0.3996335,0.3471589,0.6502662,0.08171383,0.06815825,0.4787494,0.7480434,0.7076209,0.7517889,0.7371866,1
0.06216461,0.0579366,0.1963335,0.5209683,0.3874648,0.4623518,0.6217484,0.5199078,0.4322889,0.4058166,1
0.2398862,0.2109953,0.4324069,0.3085578,0.2510001,0.4627195,0.6821266,0.611177,0.5052711,0.8036675,1
0.1017604,0.04476446,0.2315198,0.5107399,0.4517707,0.4536096,0.6178345,0.5416071,0.2802533,0.3776166,1
0.0356409,0.02585283,0.1105263,0.5640414,0.45992,0.4397182,0.6012873,0.5054289,0.6240456,0.3389377,1
0.1169329,0.05283951,0.22466,0.2926469,0.2163283,0.4411994,0.6405156,0.5120848,0.01988889,0.4515682,0
0.3100658,0.2314269,0.3469545,0.2278668,0.1551341,0.534091,0.7406198,0.4474932,0.07616445,0.5606895,1
0.2849807,0.1961464,0.3230337,0.4098193,0.3579789,0.3759935,0.6937713,0.4148969,0.6785244,0.6109257,1
0.2855015,0.1055897,0.4793909,0.1335379,0.09675508,0.5152659,0.7280769,0.4945491,0.01023333,0.5456548,0
0.03732295,0.06372717,0.1958604,0.7366746,0.4679212,0.4495541,0.5777144,0.5487952,0.5554978,0.09962665,1
0.07871207,0.0319453,0.1611768,0.6525741,0.5772707,0.4728162,0.623435,0.5149571,0.4878311,0.4563995,1
0.3758191,0.2927312,0.5257836,0.1076259,0.08890206,0.4623249,0.7693012,0.4200524,0.7153167,0.7093013,1
0.06946908,0.07153037,0.2318747,0.3378793,0.2406282,0.4248583,0.6126628,0.5205808,0.2492211,0.2690678,0
0.1354428,0.06797747,0.3107333,0.3042392,0.2576678,0.4114835,0.6087307,0.5561858,0.6880089,0.3037317,1
0.2533575,0.3076733,0.3814311,0.3416297,0.2927841,0.4343028,0.3808144,0.6435877,0.5299422,0.7376025,1
0.3983068,0.1732454,0.4393258,0.2846915,0.2995999,0.2898189,0.7234664,0.4632583,0.6416811,0.4001941,1
0.3265045,0.1760861,0.4324956,0.1597909,0.1532079,0.3943934,0.5418718,0.6175994,0.51036,0.1265121,1
0.4439666,0.2849849,0.4095801,0.2934424,0.2293673,0.5380342,0.8589002,0.6622117,0.8737378,0.559982,1
0.0990162,0.0852361,0.236162,0.3470849,0.2462587,0.4992676,0.5601795,0.565387,0.1603556,0.4531705,0
0.2270002,0.1238492,0.3442933,0.1958177,0.1472811,0.4176113,0.4524294,0.5892864,0.7097611,0.2907495,1
0.42337,0.07562817,0.3204908,0.4507331,0.4162098,0.3693891,0.3324532,0.5504663,0.1162189,0.4045143,1
0.3536308,0.2288413,0.6329392,0.09148767,0.0763076,0.4887007,0.7839716,0.3466419,0.5760644,0.3003943,1
0.1315082,0.07109509,0.1947368,0.4134561,0.3215291,0.4886462,0.6544234,0.5073734,0.1012222,0.3142286,0
0.2947936,0.07611767,0.3681845,0.2018411,0.1466884,0.4380943,0.4779025,0.5579896,0.1790445,0.1514282,1
0.1116093,0.04621074,0.1735659,0.4397091,0.3135279,0.4734431,0.6183386,0.5084038,0.07852222,0.4559099,0
0.1407354,0.09520599,0.4554701,0.2082055,0.1463921,0.4658448,0.6379405,0.4997829,0.006393333,0.3653597,0
0.06859911,0.05295458,0.1816677,0.4909649,0.3354571,0.4402473,0.5455298,0.5457103,0.9559122,0.126169,0
0.2106828,0.1201972,0.2955943,0.2480964,0.1887687,0.3863933,0.4584775,0.573666,0.4076833,0.2024474,1
0.5288025,0.370856,0.5072442,0.1346744,0.1032746,0.360983,0.2755933,0.3448342,0.1135844,0.5500289,1
0.03306552,0.003876247,0.06729745,0.770883,0.5393392,0.4656296,0.5972835,0.5183991,0.6569356,0.2220002,1
0.09506948,0.09753025,0.2813128,0.2732129,0.1902504,0.4201744,0.5475509,0.4862421,0.9880711,0.04679994,1
0.26573,0.2341058,0.4759018,0.1072849,0.08016002,0.5154136,0.7608336,0.6770067,0.4642667,0.4672962,1
0.4163207,0.175574,0.3325547,0.3326514,0.2521855,0.3139873,0.3459615,0.4626729,0.2342678,0.773399,1
